,page_id,title,House
0,4982,Template:Gryffindor individual infobox,Gryffindors
1,33349,Astrix Alixan,Gryffindors
2,33353,Filemina Alchin,Gryffindors
3,7018,Euan Abercrombie,Gryffindors
4,99282,Sakura Akagi,Gryffindors
5,99036,Zakir Akram,Gryffindors
6,123475,Nick Alas,Gryffindors
7,59171,Christian Alexander,Gryffindors
8,59173,Brandon Angel,Gryffindors
9,59193,Jada Angela,Gryffindors
10,59177,Owen Anthony,Gryffindors
11,28767,Angelina Appleby,Gryffindors
12,33354,Oona Ballington,Gryffindors
13,98807,Pete Balsall,Gryffindors
14,99269,Allison Barnes,Gryffindors
15,33408,Concepta Battista,Gryffindors
16,325,Katie Bell,Gryffindors
17,99052,Fiona Belmont,Gryffindors
18,8259,Bem,Gryffindors
19,99277,Kajol Bhatt,Gryffindors
20,197956,Betty Bickering,Gryffindors
21,197957,Hugh Biggs,Gryffindors
22,36003,Sally Birchgrove,Gryffindors
23,31,Sirius Black,Gryffindors
24,197958,Mike Boon,Gryffindors
25,37634,Derek (Wizard Card Collectors' Club),Gryffindors
26,46445,Unidentified Gryffindor boy,Gryffindors
27,137536,Boy 2,Gryffindors
28,46451,Unidentified Gryffindor boy's friend,Gryffindors
29,99236,Justine Britnell,Gryffindors
30,20,Lavender Brown,Gryffindors
31,890,Cadogan,Gryffindors
32,161113,Richard Carter,Gryffindors
33,98813,Stephen Challock,Gryffindors
34,192662,Polly Chapman,Gryffindors
35,197960,Jason Charmer,Gryffindors
36,123479,Liza Cherks,Gryffindors
37,99274,Nina Chibbar,Gryffindors
38,35986,Brian Cinderford,Gryffindors
39,27407,Iain Claverdon,Gryffindors
40,7386,Andrew Cleveley,Gryffindors
41,27413,Rachael Codnor,Gryffindors
42,205897,Angelica Cole,Gryffindors
43,99160,Lydia Cooden,Gryffindors
44,4486,Ritchie Coote,Gryffindors
45,205879,Ben Copper,Gryffindors
46,141075,Muldoon Cragg,Gryffindors
47,449,Colin Creevey,Gryffindors
48,451,Dennis Creevey,Gryffindors
49,123473,Winky Crockett (Gryffindor),Gryffindors
50,35972,Lisa Cullen,Gryffindors
51,59175,Haley Dakota,Gryffindors
52,167693,Dan,Gryffindors
53,59190,Jennifer Dawn,Gryffindors
54,35976,Alison Denshaw,Gryffindors
55,35978,Mary Doyle,Gryffindors
56,4178,Albus Dumbledore,Gryffindors
57,27337,Fay Dunbar,Gryffindors
58,30812,Fay Dunbar's friend,Gryffindors
59,35197,Edward,Gryffindors
60,117191,Emily (Gryffindor),Gryffindors
61,77771,Entrance Hall Gryffindor prefect,Gryffindors
62,99271,Tracie Everson,Gryffindors
63,99215,Rosalyn Ewhurst,Gryffindors
64,27403,Natalie Fairbourne,Gryffindors
65,646,Fat Lady,Gryffindors
66,21,Seamus Finnigan,Gryffindors
67,27361,Terrence Fogarty,Gryffindors
68,99216,Louise Fontwell,Gryffindors
69,98969,Sam Fraddon,Gryffindors
70,161111,Hamish Frater,Gryffindors
71,59195,Riley Frazer,Gryffindors
72,192758,Yann Fredericks,Gryffindors
73,6526,Vicky Frobisher,Gryffindors
74,99028,Chris Garland,Gryffindors
75,59169,Ethan Gerard,Gryffindors
76,34835,Girl who tested Fainting Fancies,Gryffindors
77,161112,Stephen Gould,Gryffindors
78,15,Hermione Granger,Gryffindors
79,126105,Gryffindor boy who fetched Harry Potter,Gryffindors
80,211596,Gryffindor boy who struggled with the Levitation Charm,Gryffindors
81,80135,Unidentified Gryffindor girl (IX),Gryffindors
82,33968,Unidentified Gryffindor girl (V),Gryffindors
83,46453,Curious Gryffindor Girl,Gryffindors
84,63219,Gryffindor Wizard's Chess champion,Gryffindors
85,242,Godric Gryffindor,Gryffindors
86,47,Rubeus Hagrid,Gryffindors
87,161108,David Hamblin,Gryffindors
88,186974,Curt Hanger,Gryffindors
89,99217,Kelly Harborne,Gryffindors
90,59182,Ryan Henry,Gryffindors
91,161110,Natalie Holkham,Gryffindors
92,27367,Thelma Holmes,Gryffindors
93,7019,Geoffrey Hooper,Gryffindors
94,9957,Carl Hopkins,Gryffindors
95,35998,Lucy Hurst,Gryffindors
96,99039,Satoru Iida,Gryffindors
97,59196,Erica J.,Gryffindors
98,186932,Peter James,Gryffindors
99,59183,Ella Jo,Gryffindors
100,27358,Nandini Johar,Gryffindors
101,327,Angelina Johnson,Gryffindors
102,56823,Peter Jones,Gryffindors
103,629,Lee Jordan,Gryffindors
104,59189,Timothy Justin,Gryffindors
105,99279,Anjali Kapoor,Gryffindors
106,27375,Michael Karume,Gryffindors
107,34394,Kellah,Gryffindors
108,59185,Sage Kelleen,Gryffindors
109,9640,Kenneth Towler,Gryffindors
110,211324,Jae Kim,Gryffindors
111,123481,Jo King (Gryffindor),Gryffindors
112,23187,R. J. H. King,Gryffindors
113,3627,Andrew Kirke,Gryffindors
114,98971,Toby Lennox (Gryffindor),Gryffindors
115,19,Neville Longbottom,Gryffindors
116,99037,Aamir Loonat,Gryffindors
117,52,Remus Lupin,Gryffindors
118,59184,Trinity Lynn,Gryffindors
119,6158,Mary Macdonald,Gryffindors
120,35969,Anita Macduff,Gryffindors
121,99272,Hisana Malachela,Gryffindors
122,99225,Daphne Maldon,Gryffindors
123,42369,Unidentified Gryffindor seeker,Gryffindors
124,59192,Trev Mallory,Gryffindors
125,497,Marauders,Gryffindors
126,59187,Alexis Marie,Gryffindors
127,59174,Gianna Grace Marie,Gryffindors
128,27408,Kenny Markham,Gryffindors
129,24951,Angus Matlock,Gryffindors
130,35975,Paul Mawdesley,Gryffindors
131,4591,Natalie McDonald,Gryffindors
132,99068,Joe McGee,Gryffindors
133,7567,M. G. McGonagall,Gryffindors
134,32,Minerva McGonagall,Gryffindors
135,1013,Cormac McLaggen,Gryffindors
136,98995,Robin McTighe,Gryffindors
137,18284,Michael,Gryffindors
138,7061,Eloise Midgen,Gryffindors
139,34,Nicholas de Mimsy-Porpington,Gryffindors
140,186981,Miraphora Mina (Hogwarts student),Gryffindors
141,123480,Ruth Mina,Gryffindors
142,27395,Anna Mirfield,Gryffindors
143,27390,Raza Mohammad,Gryffindors
144,99041,Tatsuya Motoyama,Gryffindors
145,99069,Kieran Muirhead,Gryffindors
146,98992,Roderick Murphy,Gryffindors
147,99228,Edith Newton,Gryffindors
148,59180,Abigail Nicola,Gryffindors
149,59176,Amber Noel,Gryffindors
150,59178,Phelan Noel,Gryffindors
151,27340,David Nolton,Gryffindors
152,99229,Mallory Norden,Gryffindors
153,123484,Neil Nuts,Gryffindors
154,98977,Aiden O'Connor,Gryffindors
155,99230,Shelagh O'Dowd,Gryffindors
156,150202,Rionach O'Neal,Gryffindors
157,141074,Uric Oapley,Gryffindors
158,27399,Sean Ogbourne,Gryffindors
159,59179,Remy Olivier,Gryffindors
160,35984,Kate Olney,Gryffindors
161,98996,Steven Osterley,Gryffindors
162,53310,User:OverlordQ/Sandbox,Gryffindors
163,123474,Andrew Owly,Gryffindors
164,27396,Thomas Paley,Gryffindors
165,27360,Julie Parkes,Gryffindors
166,22,Parvati Patil,Gryffindors
167,4485,Jimmy Peakes,Gryffindors
168,331,Peter Pettigrew,Gryffindors
169,27400,Adam Pickering,Gryffindors
170,141073,Podric Piles,Gryffindors
171,27351,Wayne Portchester,Gryffindors
172,10266,Fleamont Potter,Gryffindors
173,13,Harry Potter,Gryffindors
174,77,James Potter I,Gryffindors
175,5039,James Potter II,Gryffindors
176,409,Lily J. Potter,Gryffindors
177,403,Lily L. Potter,Gryffindors
178,197961,Sophia Prickett,Gryffindors
179,206832,Patricia Rakepick,Gryffindors
180,99233,Genevieve Ramsey,Gryffindors
181,27398,Neil Randall,Gryffindors
182,951,Demelza Robins,Gryffindors
183,99016,Barry Rochester,Gryffindors
184,161109,Ashley Sanders,Gryffindors
185,42725,Selina Sapworthy,Gryffindors
186,99017,Andrew Saxby,Gryffindors
187,27349,Roderick Seaton,Gryffindors
188,161939,Seventh Floor Gryffindor Prefect,Gryffindors
189,59188,Jackson Sheppard,Gryffindors
190,99283,Kaori Shimizu,Gryffindors
191,99284,Chie Shinohara,Gryffindors
192,184511,Terry Skeres,Gryffindors
193,59186,Richard Sky,Gryffindors
194,3427,Jack Sloper,Gryffindors
195,186939,Andrew Snowy Owl (Gryffindor),Gryffindors
196,330,Alicia Spinnet,Gryffindors
197,99022,Charlie Stainforth,Gryffindors
198,99234,Melanie Stanmore,Gryffindors
199,35212,Stewart,Gryffindors
200,141072,Tobias Stump,Gryffindors
201,99026,Joshua Sturton,Gryffindors
202,27363,Yuvraj Suri,Gryffindors
203,27373,Jason Swann,Gryffindors
204,99273,Sujita Tande,Gryffindors
205,99033,Hardik Tandel,Gryffindors
206,99032,Rahul Tandel,Gryffindors
207,59172,Emily Taylor,Gryffindors
208,23,Dean Thomas,Gryffindors
209,31236,Toad Toazer,Gryffindors
210,99040,Naoki Tsuchiya,Gryffindors
211,208852,Emily Tyler,Gryffindors
212,114350,Unidentified card-playing boy,Gryffindors
213,134560,Unidentified Gryffindor boy (II),Gryffindors
214,116244,Unidentified Gryffindor boy that greets Sir Nicholas (I),Gryffindors
215,90169,Unidentified Gryffindor chaser (I),Gryffindors
216,131698,Unidentified Gryffindor chaser (II),Gryffindors
217,131700,Unidentified Gryffindor chaser (III),Gryffindors
218,130336,Unidentified Gryffindor fighter,Gryffindors
219,45641,Unidentified Gryffindor girl (VII),Gryffindors
220,206654,Unidentified Gryffindor Keeper,Gryffindors
221,42375,Unidentified Gryffindor lady,Gryffindors
222,42374,Unidentified Gryffindor man (II),Gryffindors
223,42373,Unidentified Gryffindor man (III),Gryffindors
224,42989,Unidentified Gryffindor man (IV),Gryffindors
225,130304,Unidentified Hogwarts Gryffindor girl during the Battle of Hogwarts,Gryffindors
226,59170,Tanner Van Burm,Gryffindors
227,562,Romilda Vane,Gryffindors
228,187005,Emma Vanity (Gryffindor),Gryffindors
229,7164,Celestina Warbeck,Gryffindors
230,123482,Rose Wax,Gryffindors
231,26,Arthur Weasley,Gryffindors
232,145541,Charles Weasley,Gryffindors
233,215,Fred Weasley,Gryffindors
234,216,George Weasley,Gryffindors
235,25,Ginevra Weasley,Gryffindors
236,27,Molly Weasley,Gryffindors
237,30,Percy Weasley,Gryffindors
238,14,Ronald Weasley,Gryffindors
239,5040,Rose Granger-Weasley,Gryffindors
240,28,William Weasley,Gryffindors
241,99027,Alex Wednesbury,Gryffindors
242,59194,Alexander William,Gryffindors
243,186979,Ruth Winikus,Gryffindors
244,3175,Nigel Wolpert,Gryffindors
245,458,Oliver Wood,Gryffindors
246,99235,Pauline Yarrow,Gryffindors
247,123509,Dinaz Zac,Gryffindors
248,5192,Template:Hufflepuff individual infobox,Hufflepuffs
249,863,Hannah Abbott,Hufflepuffs
250,72331,Albert,Hufflepuffs
251,26654,Alys,Hufflepuffs
252,7036,Tamsin Applebee,Hufflepuffs
253,3199,Arthur (Hufflepuff student),Hufflepuffs
254,34864,Patrick Bagby,Hufflepuffs
255,99607,Martin Beccles,Hufflepuffs
256,34867,Philip Blagdon,Hufflepuffs
257,517,Susan Bones,Hufflepuffs
258,99626,Wayne Bostock,Hufflepuffs
259,100440,Robin Botesdale,Hufflepuffs
260,62682,Boy in Study Hall,Hufflepuffs
261,82857,Unidentified boy who attended Charm School's father,Hufflepuffs
262,6994,Eleanor Branstone,Hufflepuffs
263,34966,Trisha Buttermere,Hufflepuffs
264,5928,Cadwallader,Hufflepuffs
265,211322,Diego Caplan,Hufflepuffs
266,99613,Melvin Catterick,Hufflepuffs
267,7063,Owen Cauldwell,Hufflepuffs
268,35956,Poppy Caxton,Hufflepuffs
269,96963,Cedric Diggory's friends,Hufflepuffs
270,100455,Linda Chaddesley,Hufflepuffs
271,206836,Chauncy,Hufflepuffs
272,35993,Luke Cholderton,Hufflepuffs
273,34962,Martine Copplestone,Hufflepuffs
274,205881,Jane Court,Hufflepuffs
275,99635,Rohit Das,Hufflepuffs
276,34856,Irene Denholm,Hufflepuffs
277,488,Cedric Diggory,Hufflepuffs
278,100459,Thora Dinnet,Hufflepuffs
279,99633,Nitin Divekar,Hufflepuffs
280,96191,Nicola Dodworth,Hufflepuffs
281,27877,Hufflepuff Duelling Club Captain,Hufflepuffs
282,35959,Craig Dunn,Hufflepuffs
283,35226,Emily (Hufflepuff),Hufflepuffs
284,100493,Haruka Endoh,Hufflepuffs
285,100478,Annabel Entwhistle,Hufflepuffs
286,37,Fat Friar,Hufflepuffs
287,198917,Eustace Fawley,Hufflepuffs
288,99616,Sullivan Fawley,Hufflepuffs
289,659,Justin Finch-Fletchley,Hufflepuffs
290,28356,Amelia Fittleworth,Hufflepuffs
291,34858,Rhonda Fladbury,Hufflepuffs
292,7037,Herbert Fleet,Hufflepuffs
293,100466,Kay Formby,Hufflepuffs
294,99617,Michael Frimley,Hufflepuffs
295,100467,Trudy Galston,Hufflepuffs
296,161937,Girl whose quill was taken by Cedric,Hufflepuffs
297,201457,Abraham Grimblehawk,Hufflepuffs
298,99630,Brendon Halkirk,Hufflepuffs
299,208585,Beatrice Haywood,Hufflepuffs
300,205930,Penny Haywood,Hufflepuffs
301,35207,Heather,Hufflepuffs
302,7035,Wayne Hopkins,Hufflepuffs
303,96953,Hufflepuff boy that blames Harry Potter (I),Hufflepuffs
304,96954,Hufflepuff boy that blames Harry Potter (II),Hufflepuffs
305,46384,Unidentified Hufflepuff girl (III),Hufflepuffs
306,90770,Hufflepuff Wizard Duelling Champion,Hufflepuffs
307,410,Helga Hufflepuff,Hufflepuffs
308,99637,Raashid Hussain,Hufflepuffs
309,100468,Doris Irlam,Hufflepuffs
310,45810,"User:Jack ""BtR"" Saxon/Sprout draft",Hufflepuffs
311,185195,James (Hufflepuff Quidditch player),Hufflepuffs
312,7034,Megan Jones,Hufflepuffs
313,947,Silvanus Kettleburn,Hufflepuffs
314,34875,Matthew Kettletoft,Hufflepuffs
315,99618,Hamish Knighton,Hufflepuffs
316,99619,Duncan Knottingley,Hufflepuffs
317,38278,Unidentified Hufflepuff lady,Hufflepuffs
318,6874,Leanne,Hufflepuffs
319,34737,Karl Limpley,Hufflepuffs
320,4483,Artemisia Lufkin,Hufflepuffs
321,5092,Edward Lupin,Hufflepuffs
322,7039,Heidi Macavoy,Hufflepuffs
323,328,Ernest Macmillan,Hufflepuffs
324,7030,Laura Madley,Hufflepuffs
325,100481,Sisi Makerere,Hufflepuffs
326,89466,Unidentified Hufflepuff Seeker,Hufflepuffs
327,34449,Male Muggle Studies teacher's student assistant,Hufflepuffs
328,99620,Bernard Maltby,Hufflepuffs
329,2836,Marilyn,Hufflepuffs
330,99621,Benjamin McEwen,Hufflepuffs
331,99622,Stuart McKinley,Hufflepuffs
332,39000,Michael McManus,Hufflepuffs
333,119219,Dugald McPhail,Hufflepuffs
334,100482,Helen Monroe,Hufflepuffs
335,34859,Gregory Munslow,Hufflepuffs
336,100469,Grace Nutley,Hufflepuffs
337,35988,Harvey O'Brien,Hufflepuffs
338,7038,Maxine O'Flaherty,Hufflepuffs
339,100470,Hecate Oakham,Hufflepuffs
340,34885,Kouta Ohnishi,Hufflepuffs
341,100471,Madeline Ormskirk,Hufflepuffs
342,34968,Gillian Ossett,Hufflepuffs
343,34862,Anthony Otterburn,Hufflepuffs
344,35968,Manoj Pandit,Hufflepuffs
345,100486,Madhumati Parmar,Hufflepuffs
346,99634,Ashish Patel,Hufflepuffs
347,34861,Bhavana Patel,Hufflepuffs
348,34855,Edna Patridge,Hufflepuffs
349,34963,Sean Peakes,Hufflepuffs
350,34870,Eldon Pembroke,Hufflepuffs
351,27392,Gareth Pewsey,Hufflepuffs
352,206835,Philip,Hufflepuffs
353,100472,Gayle Pocklington,Hufflepuffs
354,24981,Potions Club girl,Hufflepuffs
355,7040,Malcolm Preece,Hufflepuffs
356,36001,Gladys Prescott,Hufflepuffs
357,99623,Sidney Puckeridge,Hufflepuffs
358,118947,Eglantine Puffett,Hufflepuffs
359,100480,Caroline Purvis,Hufflepuffs
360,7041,Anthony Rickett,Hufflepuffs
361,35970,Graham Romsey,Hufflepuffs
362,35148,Lynette Sawley,Hufflepuffs
363,2425,Newton Scamander,Hufflepuffs
364,100487,Satinder Singh,Hufflepuffs
365,1014,Zacharias Smith,Hufflepuffs
366,99629,Adrian Speke,Hufflepuffs
367,421,Pomona Sprout,Hufflepuffs
368,99636,Manish Sreenivasan,Hufflepuffs
369,7010,Stebbins (Potter-era),Hufflepuffs
370,4437,Grogan Stump,Hufflepuffs
371,96193,Aki Sugiyama,Hufflepuffs
372,7032,Summerby,Hufflepuffs
373,7033,Summers,Hufflepuffs
374,100494,Natsumi Suzuki,Hufflepuffs
375,99627,Malcolm Swannage,Hufflepuffs
376,34874,Lina Tande,Hufflepuffs
377,99632,Gabriel Tate,Hufflepuffs
378,100476,Siobhan Templeton,Hufflepuffs
379,99628,Alistair Thaxted,Hufflepuffs
380,34876,Agatha Thrussington,Hufflepuffs
381,35979,Isabella Tintwistle,Hufflepuffs
382,100477,Lesley Toddington,Hufflepuffs
383,584,Nymphadora Tonks,Hufflepuffs
384,34872,Jessica Tring,Hufflepuffs
385,119113,Gabriel Truman,Hufflepuffs
386,99625,James Tuckett (I),Hufflepuffs
387,35152,James Tuckett (II),Hufflepuffs
388,99631,Darrel Turner,Hufflepuffs
389,115607,Unidentified Choir Member (I),Hufflepuffs
390,130871,Unidentified Hogwarts Hufflepuff boy who carried a body during the Battle of Hogwarts,Hufflepuffs
391,96825,Unidentified Hufflepuff boy (II),Hufflepuffs
392,116234,Unidentified Hufflepuff boy that greets Sir Nicholas (I),Hufflepuffs
393,31787,Unidentified Hufflepuff girl (I),Hufflepuffs
394,177275,Unidentified Hufflepuff girl (II),Hufflepuffs
395,210094,Unidentified Hufflepuff girl (V),Hufflepuffs
396,97417,Unidentified Hufflepuff girl at the Battle of Hogwarts,Hufflepuffs
397,116241,Unidentified Hufflepuff girl that greets Sir Nicholas (I),Hufflepuffs
398,34866,Zara Valli,Hufflepuffs
399,35987,Eugene Warmsley,Hufflepuffs
400,8385,Bridget Wenlock,Hufflepuffs
401,7031,Kevin Whitby,Hufflepuffs
402,35974,Dora Williams,Hufflepuffs
403,3737,Hengist of Woodcroft,Hufflepuffs
404,99639,Katsuji Yamazaki,Hufflepuffs
405,99638,Kousuke Yoshioka,Hufflepuffs
406,7062,Rose Zeller,Hufflepuffs
407,5080,Template:Ravenclaw individual infobox,Ravenclaws
408,33946,Roland Abberley,Ravenclaws
409,7011,Stewart Ackerley,Ravenclaws
410,99467,Jatin Agarkar,Ravenclaws
411,27126,Alannis,Ravenclaws
412,27517,Dennis Aldermaston,Ravenclaws
413,211296,Badeea Ali,Ravenclaws
414,27508,Pamela Alton,Ravenclaws
415,25495,Amanda,Ravenclaws
416,99473,Yutaka Amano,Ravenclaws
417,33936,Scott Ancrum,Ravenclaws
418,35222,Andrew,Ravenclaws
419,99511,Becky Arncliffe,Ravenclaws
420,4338,Millicent Bagnold,Ravenclaws
421,99462,Arjuna Balaji,Ravenclaws
422,99514,Yvonne Bampton,Ravenclaws
423,6035,Marcus Belby,Ravenclaws
424,35232,Ethan Bexley,Ravenclaws
425,33937,Trevor Birch,Ravenclaws
426,866,Terry Boot,Ravenclaws
427,162011,Boy who kept a bezoar in his pocket,Ravenclaws
428,7043,Bradley,Ravenclaws
429,7044,Mandy Brocklehurst,Ravenclaws
430,35150,Sheila Brooks,Ravenclaws
431,6094,Randolph Burrow,Ravenclaws
432,7045,Eddie Carmichael,Ravenclaws
433,7049,Chambers,Ravenclaws
434,326,Cho Chang,Ravenclaws
435,919,Penelope Clearwater,Ravenclaws
436,34964,Hortense Cooper,Ravenclaws
437,697,Michael Corner,Ravenclaws
438,99515,Loretta Cornhill,Ravenclaws
439,172485,Daisy Corran,Ravenclaws
440,205898,Chester Davies,Ravenclaws
441,1015,Roger Davies,Ravenclaws
442,27512,Helen Dawlish,Ravenclaws
443,27425,Nanette Desford,Ravenclaws
444,99571,Shruti Dev,Ravenclaws
445,99471,Ananyo Dhillon,Ravenclaws
446,99433,Nathaniel Douglas,Ravenclaws
447,33941,Felicity Eastchurch,Ravenclaws
448,522,Marietta Edgecombe,Ravenclaws
449,207917,Andre Egwu,Ravenclaws
450,208584,Eliza,Ravenclaws
451,99521,Harriet Ellesmere,Ravenclaws
452,99522,Hilary Erskine,Ravenclaws
453,99524,Margaret Ettington,Ravenclaws
454,2770,Perpetua Fancourt,Ravenclaws
455,5966,Fawcett,Ravenclaws
456,186935,Marcus Fenwick,Ravenclaws
457,35992,Patrick Fincher,Ravenclaws
458,55,Filius Flitwick,Ravenclaws
459,99527,Miranda Flockton,Ravenclaws
460,14701,Basil Fronsac,Ravenclaws
461,35946,Cordelia Gifford,Ravenclaws
462,34883,Maria Glossop,Ravenclaws
463,1072,Anthony Goldstein,Ravenclaws
464,212346,Olivia Green,Ravenclaws
465,99434,Austin Guthrie,Ravenclaws
466,99435,Noel Harwich,Ravenclaws
467,35985,Declan Haworth,Ravenclaws
468,35340,Head of Ravenclaw House,Ravenclaws
469,99436,Christopher Hemsley,Ravenclaws
470,27522,Susanna Hesleden,Ravenclaws
471,118977,Robert Hilliard,Ravenclaws
472,27513,Marcus Hitchin,Ravenclaws
473,99439,Sanford Humberston,Ravenclaws
474,27423,Jason Huntingdon,Ravenclaws
475,27511,Shoma Ichikawa,Ravenclaws
476,6095,Duncan Inglebee,Ravenclaws
477,44269,"User:Jack ""BtR"" Saxon/Flitwick draft",Ravenclaws
478,35983,Nola Johnston,Ravenclaws
479,99574,Tomoko Kajiwara,Ravenclaws
480,207871,Tulip Karasu,Ravenclaws
481,35977,Andrea Kegworth,Ravenclaws
482,99537,Sarah Kempston,Ravenclaws
483,99562,Joan Kerridge,Ravenclaws
484,99451,Danny Kershaw,Ravenclaws
485,99461,Ashok Khanna,Ravenclaws
486,99440,Humphrey Kilburn,Ravenclaws
487,35981,Noreen Kirkby,Ravenclaws
488,99460,Biko Kisawahi,Ravenclaws
489,36216,Unidentified Ravenclaw lady,Ravenclaws
490,99441,Mark Latchingdon,Ravenclaws
491,35996,Toby Lennox (Ravenclaw),Ravenclaws
492,6982,Sue Li,Ravenclaws
493,53,Gilderoy Lockhart,Ravenclaws
494,238,Luna Lovegood,Ravenclaws
495,5006,Xenophilius Lovegood,Ravenclaws
496,99538,Roberta Lutterworth,Ravenclaws
497,16257,Isobel MacDougal,Ravenclaws
498,89453,Unidentified Ravenclaw Seeker,Ravenclaws
499,27510,Hugo Mattingley,Ravenclaws
500,99487,Sterling McCubbin,Ravenclaws
501,118967,Lorcan McLaird,Ravenclaws
502,99445,Godfrey Midhurst,Ravenclaws
503,99564,Elizabeth Mkapa,Ravenclaws
504,99458,Phillip Montgomery,Ravenclaws
505,9921,Laverne de Montmorency,Ravenclaws
506,41165,Music classroom monitor,Ravenclaws
507,99472,Takashi Noda,Ravenclaws
508,33940,Banga O'Deluga,Ravenclaws
509,3857,Garrick Ollivander,Ravenclaws
510,6097,Grant Page,Ravenclaws
511,99446,Sherwood Partington,Ravenclaws
512,686,Padma Patil,Ravenclaws
513,99568,Swati Pevekar,Ravenclaws
514,7050,Orla Quirke,Ravenclaws
515,54,Quirinus Quirrell,Ravenclaws
516,99569,Amina Qureshi,Ravenclaws
517,99570,Asma Rahman,Ravenclaws
518,33943,Latisha Randle,Ravenclaws
519,90778,Ravenclaw Wizard Duelling Champion,Ravenclaws
520,63221,Ravenclaw Wizard's Chess champion,Ravenclaws
521,38,Helena Ravenclaw,Ravenclaws
522,486,Rowena Ravenclaw,Ravenclaws
523,14265,Raymond,Ravenclaws
524,35202,Rebecca,Ravenclaws
525,27521,Yolanda Reedham,Ravenclaws
526,130342,Maisy Reynolds,Ravenclaws
527,33945,Hemani Roshan,Ravenclaws
528,99539,Ophelia Rushden,Ravenclaws
529,6096,Jason Samuels,Ravenclaws
530,129238,Secret student sweetshop manager,Ravenclaws
531,27533,Omar Shaw,Ravenclaws
532,35999,Alannis Shepley,Ravenclaws
533,33944,Kim Sheringham,Ravenclaws
534,35954,Arman Shettigar,Ravenclaws
535,27427,Justin Steele,Ravenclaws
536,99561,Hazel Stickney,Ravenclaws
537,99452,Geoffrey Stradbroke,Ravenclaws
538,99453,Arnold Streeton,Ravenclaws
539,5492,Jeremy Stretton,Ravenclaws
540,99454,Lewis Thorverton,Ravenclaws
541,46,Sybill Trelawney,Ravenclaws
542,99464,Sachin Tripathy,Ravenclaws
543,99572,Miyuki Tsuji,Ravenclaws
544,184840,Marcus Turner,Ravenclaws
545,6746,Lisa Turpin,Ravenclaws
546,130852,Unidentified Dumbledore's Army male Ravenclaw member 1997-1998 (II),Ravenclaws
547,130866,Unidentified Hogwarts Ravenclaw boy who carried a body during the Battle of Hogwarts,Ravenclaws
548,80090,Unidentified Ravenclaw 4th years,Ravenclaws
549,130777,Unidentified Ravenclaw black girl during the Battle of Hogwarts,Ravenclaws
550,46995,Unidentified Ravenclaw boy,Ravenclaws
551,119962,Unidentified Ravenclaw boy (II),Ravenclaws
552,130710,Unidentified Ravenclaw boy (III),Ravenclaws
553,134087,Unidentified Ravenclaw boy at Hogwarts,Ravenclaws
554,140265,Unidentified Ravenclaw boy during the Battle of Hogwarts,Ravenclaws
555,119828,Unidentified Ravenclaw Girl during the Battle of Hogwarts,Ravenclaws
556,35120,Unidentified Ravenclaw prefect,Ravenclaws
557,124836,Unidentified Ravenclaw prefect (II),Ravenclaws
558,100890,Unidentified Ravenclaw student asked to the Yule Ball by a Durmstrang student,Ravenclaws
559,162805,Unidentified Ravenclaw Substitute Seeker,Ravenclaws
560,8001,Uric the Oddball,Ravenclaws
561,99455,Gerald Vickers,Ravenclaws
562,60,Myrtle Warren,Ravenclaws
563,2765,Ignatia Wildsmith,Ravenclaws
564,99456,Gerard Willerby,Ravenclaws
565,210869,Talbott Winger,Ravenclaws
566,99457,Aron Woodbridge,Ravenclaws
567,35957,Nigel Wroxton,Ravenclaws
568,99573,Mizuho Yoshii,Ravenclaws
569,4985,Template:Slytherin individual infobox,Slytherins
570,100545,Zoe Accrington,Slytherins
571,34868,Uchi Akimbo,Slytherins
572,212347,Duncan Ashe,Slytherins
573,3759,Avery I,Slytherins
574,3764,Avery II,Slytherins
575,7059,Malcolm Baddock,Slytherins
576,100546,Tabitha Bainbridge,Slytherins
577,100547,Sadie Baldock,Slytherins
578,100500,Tristram Bassenthwaite,Slytherins
579,100501,Darius Berrow,Slytherins
580,77815,Bespectacled Slytherin girl,Slytherins
581,100525,Yatin Bhagat,Slytherins
582,100566,Kinjal Bhatia,Slytherins
583,126514,Vicky Bishopper,Slytherins
584,3132,Alphard Black,Slytherins
585,6737,Callidora Black,Slytherins
586,6735,Cassiopeia Black,Slytherins
587,6739,Cedrella Black,Slytherins
588,6708,Charis Black,Slytherins
589,6742,Cygnus Black III,Slytherins
590,3839,Dorea Black,Slytherins
591,6741,Lucretia Black,Slytherins
592,3534,Orion Black,Slytherins
593,3816,Phineas Nigellus Black,Slytherins
594,83,Regulus Black,Slytherins
595,2762,Walburga Black,Slytherins
596,36334,Kevin Bletchley,Slytherins
597,865,Miles Bletchley,Slytherins
598,36,Bloody Baron,Slytherins
599,6310,Lucian Bole,Slytherins
600,192663,Craig Bowker Jr,Slytherins
601,82797,Unidentified boy who attended Charm School,Slytherins
602,161921,Boy who failed Avifors Spell's cousin,Slytherins
603,161975,Boy who owned a magic hamster,Slytherins
604,100502,Cameron Boyle,Slytherins
605,35220,Bridget,Slytherins
606,35967,Nerissa Brody,Slytherins
607,679,Millicent Bulstrode,Slytherins
608,14699,Elizabeth Burke,Slytherins
609,18212,Flora Carrow,Slytherins
610,18211,Hestia Carrow,Slytherins
611,34879,Diane Carter,Slytherins
612,34891,Fergus Cowley,Slytherins
613,547,Vincent Crabbe,Slytherins
614,44396,Stuart Craggy,Slytherins
615,34860,Irving Cram (II),Slytherins
616,44389,Winky Crockett (Slytherin),Slytherins
617,198022,Silas Crump,Slytherins
618,100531,Sebastian Daley,Slytherins
619,126518,Dan Darker,Slytherins
620,7055,Tracey Davis,Slytherins
621,34865,Simon Dedworth (II),Slytherins
622,3389,Peregrine Derrick,Slytherins
623,42332,Draco Malfoy's gang,Slytherins
624,35115,Slytherin Duelling Club Captain,Slytherins
625,96195,Bowen Duffield,Slytherins
626,77774,Dungeon Corridor Slytherin prefect (I),Slytherins
627,77775,Dungeon Corridor Slytherin prefect (II),Slytherins
628,35154,Curtis Evercreech,Slytherins
629,118961,Gemma Farley,Slytherins
630,41366,Sixth-Year Inquisitorial Squad Member,Slytherins
631,293,Marcus Flint,Slytherins
632,100540,Amy Frome,Slytherins
633,164202,Gang of Slytherins,Slytherins
634,151156,Corvinus Gaunt,Slytherins
635,191439,Gormlaith Gaunt,Slytherins
636,100503,Damon Gosforth,Slytherins
637,548,Gregory Goyle,Slytherins
638,100549,Mathilda Greenford,Slytherins
639,2442,Daphne Greengrass,Slytherins
640,100523,Amrish Gupta,Slytherins
641,100571,Yurika Haneda,Slytherins
642,35147,Niles Hanley,Slytherins
643,7057,Harper,Slytherins
644,34890,Maynard Hatton,Slytherins
645,30318,Head of Slytherin House,Slytherins
646,5493,Terence Higgs,Slytherins
647,126515,Robin Higgy,Slytherins
648,685,House of Gaunt,Slytherins
649,100572,Manami Ichijoh,Slytherins
650,100504,Malcolm Ilminster,Slytherins
651,44395,Jody Jacknife,Slytherins
652,96198,Trupti Kadam,Slytherins
653,100524,Sourav Kartik,Slytherins
654,100569,Zubeida Khan,Slytherins
655,44392,Jo King (Slytherin),Slytherins
656,38264,Unidentified Slytherin knight,Slytherins
657,126521,Kris Kolumbiko,Slytherins
658,100530,Hirohisa Kubo,Slytherins
659,126519,Jess Lafington,Slytherins
660,44390,Neil Lament,Slytherins
661,44397,Steve Laughalot,Slytherins
662,96186,Maxwell Lazenby,Slytherins
663,34881,Holden Ledbury,Slytherins
664,207872,Barnaby Lee,Slytherins
665,7544,Lestrange,Slytherins
666,506,Bellatrix Lestrange,Slytherins
667,196831,Leta Lestrange,Slytherins
668,657,Rodolphus Lestrange,Slytherins
669,100505,Gabriel Lithgow,Slytherins
670,34884,Xander Lofthouse,Slytherins
671,126517,Russell Lucky,Slytherins
672,35997,Scarlett Lympsham,Slytherins
673,100509,Charles Machin,Slytherins
674,3731,Mafalda,Slytherins
675,126522,David Makehay,Slytherins
676,812,Abraxas Malfoy,Slytherins
677,16,Draco Malfoy,Slytherins
678,313,Lucius Malfoy,Slytherins
679,464,Narcissa Malfoy,Slytherins
680,5038,Scorpius Malfoy,Slytherins
681,34967,Thomas McGruder,Slytherins
682,100551,Gertrude Meads,Slytherins
683,100550,Sylvia Melville,Slytherins
684,7602,Merlin,Slytherins
685,209285,Merula Snyde's gang,Slytherins
686,100554,Glynis Mexborough,Slytherins
687,100511,Byron Miller,Slytherins
688,100507,Titus Mitcham,Slytherins
689,34957,Agnes Monkleigh,Slytherins
690,2443,Graham Montague,Slytherins
691,100563,Selina Moore,Slytherins
692,34961,Timothy Morcott,Slytherins
693,35994,Daryl Morden,Slytherins
694,34959,Shawn Morris,Slytherins
695,208415,Ismelda Murk,Slytherins
696,100541,Adelaide Murton,Slytherins
697,34886,Irfan Mustaq,Slytherins
698,35151,Tracey Nettlebed,Slytherins
699,100516,Garrick Newbourne,Slytherins
700,118694,Nigel's nephew,Slytherins
701,684,Theodore Nott,Slytherins
702,100542,Nerys Orpington,Slytherins
703,126523,Mark Overcliff,Slytherins
704,211064,Pansy Parkinson's Gang,Slytherins
705,100565,Ona Parangyo,Slytherins
706,640,Pansy Parkinson,Slytherins
707,96190,Mildred Peebles,Slytherins
708,100555,Ursula Penkridge,Slytherins
709,100517,Horatio Pershore,Slytherins
710,35229,Peter,Slytherins
711,100508,Ronald Phipps,Slytherins
712,18027,Pike,Slytherins
713,5091,Albus Potter,Slytherins
714,7064,Graham Pritchard,Slytherins
715,2441,Adrian Pucey,Slytherins
716,100543,Abigail Pugh,Slytherins
717,34857,Gordon Pummell (II),Slytherins
718,35958,Bastien Queensbury,Slytherins
719,100556,Hayley Quentin,Slytherins
720,35224,Rachel,Slytherins
721,126513,Katie Rayknolls,Slytherins
722,100557,Viola Richmond,Slytherins
723,343,Tom Riddle,Slytherins
724,100512,Michael Robinson,Slytherins
725,3225,Evan Rosier,Slytherins
726,205882,Felix Rosier,Slytherins
727,100558,Muriel Rothley,Slytherins
728,100559,Hortense Rowland,Slytherins
729,100560,Megan Rowstock,Slytherins
730,35209,Roy,Slytherins
731,5684,Scabior,Slytherins
732,100519,Gideon Scalby,Slytherins
733,100567,Poonima Shah,Slytherins
734,100561,Olivia Shardlow,Slytherins
735,100527,Bhupen Shastri,Slytherins
736,100568,Archana Shetty,Slytherins
737,100570,Reiko Sibazaki,Slytherins
738,259,Horace Slughorn,Slytherins
739,96844,Slytherin student that blames Harry Potter (I),Slytherins
740,96845,Slytherin student that blames Harry Potter (II),Slytherins
741,90777,Slytherin Wizard Duelling Champion,Slytherins
742,63223,Slytherin Wizard's Chess champion,Slytherins
743,341,Salazar Slytherin,Slytherins
744,33,Severus Snape,Slytherins
745,44391,Andrew Snowy Owl (Slytherin),Slytherins
746,205878,Merula Snyde,Slytherins
747,205928,Merula Snyde's father,Slytherins
748,205927,Merula Snyde's mother,Slytherins
749,126516,Mark Sommertime,Slytherins
750,100520,Grant Sparkford,Slytherins
751,100522,Cole Spencer,Slytherins
752,100510,Norman Stacey,Slytherins
753,34880,Imogen Stretton,Slytherins
754,35980,Junpei Suruga,Slytherins
755,34863,Alex Sykes (II),Slytherins
756,100529,Atsushi Takagi,Slytherins
757,44399,Lucinda Talkalot,Slytherins
758,35947,Vikram Thakur,Slytherins
759,100544,Heather Thatcham,Slytherins
760,77766,Third Floor Corridor Slytherin prefect,Slytherins
761,161941,Third Floor Slytherin Prefect,Slytherins
762,2749,Tom Riddle's gang,Slytherins
763,586,Andromeda Tonks,Slytherins
764,209045,Liz Tuttle,Slytherins
765,49,Dolores Umbridge,Slytherins
766,133153,Unidentified blonde Slytherin girl,Slytherins
767,91755,Unidentified Slytherin Beater,Slytherins
768,125344,Unidentified Slytherin Beater (II),Slytherins
769,139223,Unidentified Slytherin boy in the Battle of Hogwarts,Slytherins
770,45638,Unidentified Slytherin girl (I),Slytherins
771,72145,Unidentified Slytherin girl (II),Slytherins
772,176487,Unidentified Slytherin girl (III),Slytherins
773,139222,Unidentified Slytherin girl at the Battle of Hogwarts,Slytherins
774,143096,Unidentified Slytherin girl at the Battle of Hogwarts (III),Slytherins
775,143104,Unidentified Slytherin girl in the Battle of Hogwarts (IV),Slytherins
776,125345,Unidentified Slytherin Keeper,Slytherins
777,5494,Urquhart,Slytherins
778,7058,Vaisey,Slytherins
779,44398,Emma Vanity (Slytherin),Slytherins
780,2444,Cassius Warrington,Slytherins
781,100521,Spencer Whiddon,Slytherins
782,100562,Phylis Whitehead,Slytherins
783,3153,Wilkes,Slytherins
784,35971,Ella Wilkins,Slytherins
785,44393,Rufus Winickus,Slytherins
786,719,Blaise Zabini,Slytherins
787,5965,B. Dunstan,Unknown_House
788,197895,Albert Bellchant,Unknown_House
789,210722,Benjamin Hater,Unknown_House
790,208886,Billingsley,Unknown_House
791,40463,Bletchley (musician),Unknown_House
792,35943,David Boorman II,Unknown_House
793,155500,D. L. Boot,Unknown_House
794,161920,Boy who failed Avifors Spell,Unknown_House
795,101832,Felix Brunt (I),Unknown_House
796,35960,Felix Brunt (II),Unknown_House
797,167856,Flora Buchanan,Unknown_House
798,167855,Hamish Buchanan,Unknown_House
799,5967,K. Bundy,Unknown_House
800,203669,Bunty,Unknown_House
801,94836,B. C.,Unknown_House
802,47586,Cedric,Unknown_House
803,210732,Clive Lundquist,Unknown_House
804,101834,Irving Cram (I),Unknown_House
805,7657,Barnabas Cuffe,Unknown_House
806,1063,John Dawlish,Unknown_House
807,101837,Simon Dedworth (I),Unknown_House
808,118626,Derek (turtle talker),Unknown_House
809,9796,Harold Dingle,Unknown_House
810,211332,Elora Dunn,Unknown_House
811,210746,Fiesella Foss,Unknown_House
812,674,Mundungus Fletcher,Unknown_House
813,576,Cornelius Fudge,Unknown_House
814,101840,Ross Gibberd (I),Unknown_House
815,195905,Mathilda Grimblehawk,Unknown_House
816,210742,Veronica Heap,Unknown_House
817,19911,Hogwarts Express conductor,Unknown_House
818,172831,Hogwarts potions champion,Unknown_House
819,90490,Unidentified Hogwarts student interested in earth magic,Unknown_House
820,96832,Hogwarts student that blames Harry Potter,Unknown_House
821,5968,J. Dorny,Unknown_House
822,205867,Jacob (Hogwarts student),Unknown_House
823,205866,Jacob's sibling,Unknown_House
824,46890,James Potter II's friends,Unknown_House
825,210750,Jomauh Agardh,Unknown_House
826,210697,Josephine Kay,Unknown_House
827,210735,Karl H.,Unknown_House
828,210719,Laurent Varcy,Unknown_House
829,212190,Chiara Lobosca,Unknown_House
830,555,Augusta Longbottom,Unknown_House
831,208462,Luisa,Unknown_House
832,153378,Lyall Lupin,Unknown_House
833,57980,Dominic Maestro,Unknown_House
834,195520,Paul Males,Unknown_House
835,98453,Mary I,Unknown_House
836,196115,Mathilda Grimblehawk's partner,Unknown_House
837,196490,Sean Miller,Unknown_House
838,51,Alastor Moody,Unknown_House
839,7051,Lily Moon,Unknown_House
840,39077,Angelus Moriattis,Unknown_House
841,57985,Maurice Netto,Unknown_House
842,101847,Gordon Pummell (I),Unknown_House
843,101849,Ivan Renshaw (I),Unknown_House
844,35955,Ivan Renshaw (II),Unknown_House
845,683,Rolanda Hooch,Unknown_House
846,35991,Ross Gibberd (II),Unknown_House
847,5969,S. Capper,Unknown_House
848,589,Kingsley Shacklebolt,Unknown_House
849,101855,Alex Sykes (I),Unknown_House
850,210703,Thomas Vace,Unknown_House
851,210706,Timothy Butler,Unknown_House
852,210699,Tyra Teegarden,Unknown_House
853,38121,Unidentified Minister of Magical Transportation,Unknown_House
854,5063,Victoire Weasley,Unknown_House
