,page_id,title,House
0,33349,Astrix Alixan,Gryffindors
1,33353,Filemina Alchin,Gryffindors
2,7018,Euan Abercrombie,Gryffindors
3,99282,Sakura Akagi,Gryffindors
4,99036,Zakir Akram,Gryffindors
5,123475,Nick Alas,Gryffindors
6,59171,Christian Alexander,Gryffindors
7,59173,Brandon Angel,Gryffindors
8,59193,Jada Angela,Gryffindors
9,59177,Owen Anthony,Gryffindors
10,28767,Angelina Appleby,Gryffindors
11,33354,Oona Ballington,Gryffindors
12,98807,Pete Balsall,Gryffindors
13,99269,Allison Barnes,Gryffindors
14,33408,Concepta Battista,Gryffindors
15,325,Katie Bell,Gryffindors
16,99052,Fiona Belmont,Gryffindors
17,8259,Bem,Gryffindors
18,99277,Kajol Bhatt,Gryffindors
19,197956,Betty Bickering,Gryffindors
20,197957,Hugh Biggs,Gryffindors
21,36003,Sally Birchgrove,Gryffindors
22,31,Sirius Black,Gryffindors
23,197958,Mike Boon,Gryffindors
24,37634,Derek (Wizard Card Collectors' Club),Gryffindors
25,46445,Unidentified Gryffindor boy,Gryffindors
26,137536,Boy 2,Gryffindors
27,46451,Unidentified Gryffindor boy's friend,Gryffindors
28,99236,Justine Britnell,Gryffindors
29,20,Lavender Brown,Gryffindors
30,890,Cadogan,Gryffindors
31,161113,Richard Carter,Gryffindors
32,98813,Stephen Challock,Gryffindors
33,192662,Polly Chapman,Gryffindors
34,197960,Jason Charmer,Gryffindors
35,123479,Liza Cherks,Gryffindors
36,99274,Nina Chibbar,Gryffindors
37,35986,Brian Cinderford,Gryffindors
38,27407,Iain Claverdon,Gryffindors
39,7386,Andrew Cleveley,Gryffindors
40,27413,Rachael Codnor,Gryffindors
41,205897,Angelica Cole,Gryffindors
42,99160,Lydia Cooden,Gryffindors
43,4486,Ritchie Coote,Gryffindors
44,205879,Ben Copper,Gryffindors
45,141075,Muldoon Cragg,Gryffindors
46,449,Colin Creevey,Gryffindors
47,451,Dennis Creevey,Gryffindors
48,123473,Winky Crockett (Gryffindor),Gryffindors
49,35972,Lisa Cullen,Gryffindors
50,59175,Haley Dakota,Gryffindors
51,167693,Dan,Gryffindors
52,59190,Jennifer Dawn,Gryffindors
53,35976,Alison Denshaw,Gryffindors
54,35978,Mary Doyle,Gryffindors
55,4178,Albus Dumbledore,Gryffindors
56,27337,Fay Dunbar,Gryffindors
57,30812,Fay Dunbar's friend,Gryffindors
58,35197,Edward,Gryffindors
59,117191,Emily (Gryffindor),Gryffindors
60,77771,Entrance Hall Gryffindor prefect,Gryffindors
61,99271,Tracie Everson,Gryffindors
62,99215,Rosalyn Ewhurst,Gryffindors
63,27403,Natalie Fairbourne,Gryffindors
64,646,Fat Lady,Gryffindors
65,21,Seamus Finnigan,Gryffindors
66,27361,Terrence Fogarty,Gryffindors
67,99216,Louise Fontwell,Gryffindors
68,98969,Sam Fraddon,Gryffindors
69,161111,Hamish Frater,Gryffindors
70,59195,Riley Frazer,Gryffindors
71,192758,Yann Fredericks,Gryffindors
72,6526,Vicky Frobisher,Gryffindors
73,99028,Chris Garland,Gryffindors
74,59169,Ethan Gerard,Gryffindors
75,34835,Girl who tested Fainting Fancies,Gryffindors
76,161112,Stephen Gould,Gryffindors
77,15,Hermione Granger,Gryffindors
78,126105,Gryffindor boy who fetched Harry Potter,Gryffindors
79,211596,Gryffindor boy who struggled with the Levitation Charm,Gryffindors
80,80135,Unidentified Gryffindor girl (IX),Gryffindors
81,33968,Unidentified Gryffindor girl (V),Gryffindors
82,46453,Curious Gryffindor Girl,Gryffindors
83,63219,Gryffindor Wizard's Chess champion,Gryffindors
84,242,Godric Gryffindor,Gryffindors
85,47,Rubeus Hagrid,Gryffindors
86,161108,David Hamblin,Gryffindors
87,186974,Curt Hanger,Gryffindors
88,99217,Kelly Harborne,Gryffindors
89,59182,Ryan Henry,Gryffindors
90,161110,Natalie Holkham,Gryffindors
91,27367,Thelma Holmes,Gryffindors
92,7019,Geoffrey Hooper,Gryffindors
93,9957,Carl Hopkins,Gryffindors
94,35998,Lucy Hurst,Gryffindors
95,99039,Satoru Iida,Gryffindors
96,59196,Erica J.,Gryffindors
97,186932,Peter James,Gryffindors
98,59183,Ella Jo,Gryffindors
99,27358,Nandini Johar,Gryffindors
100,327,Angelina Johnson,Gryffindors
101,56823,Peter Jones,Gryffindors
102,629,Lee Jordan,Gryffindors
103,59189,Timothy Justin,Gryffindors
104,99279,Anjali Kapoor,Gryffindors
105,27375,Michael Karume,Gryffindors
106,34394,Kellah,Gryffindors
107,59185,Sage Kelleen,Gryffindors
108,9640,Kenneth Towler,Gryffindors
109,211324,Jae Kim,Gryffindors
110,123481,Jo King (Gryffindor),Gryffindors
111,23187,R. J. H. King,Gryffindors
112,3627,Andrew Kirke,Gryffindors
113,98971,Toby Lennox (Gryffindor),Gryffindors
114,19,Neville Longbottom,Gryffindors
115,99037,Aamir Loonat,Gryffindors
116,52,Remus Lupin,Gryffindors
117,59184,Trinity Lynn,Gryffindors
118,6158,Mary Macdonald,Gryffindors
119,35969,Anita Macduff,Gryffindors
120,99272,Hisana Malachela,Gryffindors
121,99225,Daphne Maldon,Gryffindors
122,42369,Unidentified Gryffindor seeker,Gryffindors
123,59192,Trev Mallory,Gryffindors
124,497,Marauders,Gryffindors
125,59187,Alexis Marie,Gryffindors
126,59174,Gianna Grace Marie,Gryffindors
127,27408,Kenny Markham,Gryffindors
128,24951,Angus Matlock,Gryffindors
129,35975,Paul Mawdesley,Gryffindors
130,213538,McClaggan,Gryffindors
131,4591,Natalie McDonald,Gryffindors
132,99068,Joe McGee,Gryffindors
133,7567,M. G. McGonagall,Gryffindors
134,32,Minerva McGonagall,Gryffindors
135,1013,Cormac McLaggen,Gryffindors
136,98995,Robin McTighe,Gryffindors
137,18284,Michael,Gryffindors
138,7061,Eloise Midgen,Gryffindors
139,34,Nicholas de Mimsy-Porpington,Gryffindors
140,186981,Miraphora Mina (Hogwarts student),Gryffindors
141,123480,Ruth Mina,Gryffindors
142,27395,Anna Mirfield,Gryffindors
143,27390,Raza Mohammad,Gryffindors
144,99041,Tatsuya Motoyama,Gryffindors
145,99069,Kieran Muirhead,Gryffindors
146,98992,Roderick Murphy,Gryffindors
147,99228,Edith Newton,Gryffindors
148,59180,Abigail Nicola,Gryffindors
149,59176,Amber Noel,Gryffindors
150,59178,Phelan Noel,Gryffindors
151,27340,David Nolton,Gryffindors
152,99229,Mallory Norden,Gryffindors
153,123484,Neil Nuts,Gryffindors
154,98977,Aiden O'Connor,Gryffindors
155,99230,Shelagh O'Dowd,Gryffindors
156,150202,Rionach O'Neal,Gryffindors
157,141074,Uric Oapley,Gryffindors
158,27399,Sean Ogbourne,Gryffindors
159,59179,Remy Olivier,Gryffindors
160,35984,Kate Olney,Gryffindors
161,98996,Steven Osterley,Gryffindors
162,123474,Andrew Owly,Gryffindors
163,27396,Thomas Paley,Gryffindors
164,27360,Julie Parkes,Gryffindors
165,22,Parvati Patil,Gryffindors
166,4485,Jimmy Peakes,Gryffindors
167,331,Peter Pettigrew,Gryffindors
168,27400,Adam Pickering,Gryffindors
169,141073,Podric Piles,Gryffindors
170,27351,Wayne Portchester,Gryffindors
171,10266,Fleamont Potter,Gryffindors
172,13,Harry Potter,Gryffindors
173,77,James Potter I,Gryffindors
174,5039,James Potter II,Gryffindors
175,409,Lily J. Potter,Gryffindors
176,403,Lily L. Potter,Gryffindors
177,197961,Sophia Prickett,Gryffindors
178,206832,Patricia Rakepick,Gryffindors
179,99233,Genevieve Ramsey,Gryffindors
180,27398,Neil Randall,Gryffindors
181,951,Demelza Robins,Gryffindors
182,99016,Barry Rochester,Gryffindors
183,161109,Ashley Sanders,Gryffindors
184,42725,Selina Sapworthy,Gryffindors
185,99017,Andrew Saxby,Gryffindors
186,27349,Roderick Seaton,Gryffindors
187,161939,Seventh Floor Gryffindor Prefect,Gryffindors
188,59188,Jackson Sheppard,Gryffindors
189,99283,Kaori Shimizu,Gryffindors
190,99284,Chie Shinohara,Gryffindors
191,184511,Terry Skeres,Gryffindors
192,59186,Richard Sky,Gryffindors
193,3427,Jack Sloper,Gryffindors
194,186939,Andrew Snowy Owl (Gryffindor),Gryffindors
195,330,Alicia Spinnet,Gryffindors
196,99022,Charlie Stainforth,Gryffindors
197,99234,Melanie Stanmore,Gryffindors
198,35212,Stewart,Gryffindors
199,141072,Tobias Stump,Gryffindors
200,99026,Joshua Sturton,Gryffindors
201,27363,Yuvraj Suri,Gryffindors
202,27373,Jason Swann,Gryffindors
203,99273,Sujita Tande,Gryffindors
204,99033,Hardik Tandel,Gryffindors
205,99032,Rahul Tandel,Gryffindors
206,59172,Emily Taylor,Gryffindors
207,23,Dean Thomas,Gryffindors
208,31236,Toad Toazer,Gryffindors
209,99040,Naoki Tsuchiya,Gryffindors
210,208852,Emily Tyler,Gryffindors
211,114350,Unidentified card-playing boy,Gryffindors
212,213539,Unidentified friend of McClaggan,Gryffindors
213,134560,Unidentified Gryffindor boy (II),Gryffindors
214,116244,Unidentified Gryffindor boy that greets Sir Nicholas (I),Gryffindors
215,90169,Unidentified Gryffindor chaser (I),Gryffindors
216,131698,Unidentified Gryffindor chaser (II),Gryffindors
217,131700,Unidentified Gryffindor chaser (III),Gryffindors
218,130336,Unidentified Gryffindor fighter,Gryffindors
219,45641,Unidentified Gryffindor girl (VII),Gryffindors
220,206654,Unidentified Gryffindor Keeper,Gryffindors
221,42375,Unidentified Gryffindor lady,Gryffindors
222,42374,Unidentified Gryffindor man (II),Gryffindors
223,42373,Unidentified Gryffindor man (III),Gryffindors
224,42989,Unidentified Gryffindor man (IV),Gryffindors
225,130304,Unidentified Hogwarts Gryffindor girl during the Battle of Hogwarts,Gryffindors
226,59170,Tanner Van Burm,Gryffindors
227,562,Romilda Vane,Gryffindors
228,187005,Emma Vanity (Gryffindor),Gryffindors
229,7164,Celestina Warbeck,Gryffindors
230,123482,Rose Wax,Gryffindors
231,26,Arthur Weasley,Gryffindors
232,145541,Charles Weasley,Gryffindors
233,215,Fred Weasley,Gryffindors
234,216,George Weasley,Gryffindors
235,25,Ginevra Weasley,Gryffindors
236,27,Molly Weasley,Gryffindors
237,30,Percy Weasley,Gryffindors
238,14,Ronald Weasley,Gryffindors
239,5040,Rose Granger-Weasley,Gryffindors
240,28,William Weasley,Gryffindors
241,99027,Alex Wednesbury,Gryffindors
242,59194,Alexander William,Gryffindors
243,186979,Ruth Winikus,Gryffindors
244,3175,Nigel Wolpert,Gryffindors
245,458,Oliver Wood,Gryffindors
246,99235,Pauline Yarrow,Gryffindors
247,123509,Dinaz Zac,Gryffindors
248,863,Hannah Abbott,Hufflepuffs
249,72331,Albert,Hufflepuffs
250,26654,Alys,Hufflepuffs
251,7036,Tamsin Applebee,Hufflepuffs
252,3199,Arthur (Hufflepuff student),Hufflepuffs
253,34864,Patrick Bagby,Hufflepuffs
254,99607,Martin Beccles,Hufflepuffs
255,34867,Philip Blagdon,Hufflepuffs
256,517,Susan Bones,Hufflepuffs
257,99626,Wayne Bostock,Hufflepuffs
258,100440,Robin Botesdale,Hufflepuffs
259,62682,Boy in Study Hall,Hufflepuffs
260,82857,Unidentified boy who attended Charm School's father,Hufflepuffs
261,6994,Eleanor Branstone,Hufflepuffs
262,34966,Trisha Buttermere,Hufflepuffs
263,5928,Cadwallader,Hufflepuffs
264,211322,Diego Caplan,Hufflepuffs
265,99613,Melvin Catterick,Hufflepuffs
266,7063,Owen Cauldwell,Hufflepuffs
267,35956,Poppy Caxton,Hufflepuffs
268,96963,Cedric Diggory's friends,Hufflepuffs
269,100455,Linda Chaddesley,Hufflepuffs
270,206836,Chauncy,Hufflepuffs
271,35993,Luke Cholderton,Hufflepuffs
272,34962,Martine Copplestone,Hufflepuffs
273,205881,Jane Court,Hufflepuffs
274,99635,Rohit Das,Hufflepuffs
275,34856,Irene Denholm,Hufflepuffs
276,488,Cedric Diggory,Hufflepuffs
277,100459,Thora Dinnet,Hufflepuffs
278,99633,Nitin Divekar,Hufflepuffs
279,96191,Nicola Dodworth,Hufflepuffs
280,27877,Hufflepuff Duelling Club Captain,Hufflepuffs
281,35959,Craig Dunn,Hufflepuffs
282,35226,Emily (Hufflepuff),Hufflepuffs
283,100493,Haruka Endoh,Hufflepuffs
284,100478,Annabel Entwhistle,Hufflepuffs
285,37,Fat Friar,Hufflepuffs
286,198917,Eustace Fawley,Hufflepuffs
287,99616,Sullivan Fawley,Hufflepuffs
288,659,Justin Finch-Fletchley,Hufflepuffs
289,28356,Amelia Fittleworth,Hufflepuffs
290,34858,Rhonda Fladbury,Hufflepuffs
291,7037,Herbert Fleet,Hufflepuffs
292,100466,Kay Formby,Hufflepuffs
293,99617,Michael Frimley,Hufflepuffs
294,100467,Trudy Galston,Hufflepuffs
295,161937,Girl whose quill was taken by Cedric,Hufflepuffs
296,201457,Abraham Grimblehawk,Hufflepuffs
297,99630,Brendon Halkirk,Hufflepuffs
298,208585,Beatrice Haywood,Hufflepuffs
299,205930,Penny Haywood,Hufflepuffs
300,35207,Heather,Hufflepuffs
301,7035,Wayne Hopkins,Hufflepuffs
302,96953,Hufflepuff boy that blames Harry Potter (I),Hufflepuffs
303,96954,Hufflepuff boy that blames Harry Potter (II),Hufflepuffs
304,46384,Unidentified Hufflepuff girl (III),Hufflepuffs
305,90770,Hufflepuff Wizard Duelling Champion,Hufflepuffs
306,410,Helga Hufflepuff,Hufflepuffs
307,99637,Raashid Hussain,Hufflepuffs
308,100468,Doris Irlam,Hufflepuffs
309,185195,James (Hufflepuff Quidditch player),Hufflepuffs
310,7034,Megan Jones,Hufflepuffs
311,947,Silvanus Kettleburn,Hufflepuffs
312,34875,Matthew Kettletoft,Hufflepuffs
313,99618,Hamish Knighton,Hufflepuffs
314,99619,Duncan Knottingley,Hufflepuffs
315,38278,Unidentified Hufflepuff lady,Hufflepuffs
316,6874,Leanne,Hufflepuffs
317,34737,Karl Limpley,Hufflepuffs
318,4483,Artemisia Lufkin,Hufflepuffs
319,5092,Edward Lupin,Hufflepuffs
320,7039,Heidi Macavoy,Hufflepuffs
321,328,Ernest Macmillan,Hufflepuffs
322,7030,Laura Madley,Hufflepuffs
323,100481,Sisi Makerere,Hufflepuffs
324,89466,Unidentified Hufflepuff Seeker,Hufflepuffs
325,34449,Male Muggle Studies teacher's student assistant,Hufflepuffs
326,99620,Bernard Maltby,Hufflepuffs
327,2836,Marilyn,Hufflepuffs
328,99621,Benjamin McEwen,Hufflepuffs
329,99622,Stuart McKinley,Hufflepuffs
330,39000,Michael McManus,Hufflepuffs
331,119219,Dugald McPhail,Hufflepuffs
332,100482,Helen Monroe,Hufflepuffs
333,34859,Gregory Munslow,Hufflepuffs
334,100469,Grace Nutley,Hufflepuffs
335,35988,Harvey O'Brien,Hufflepuffs
336,7038,Maxine O'Flaherty,Hufflepuffs
337,100470,Hecate Oakham,Hufflepuffs
338,34885,Kouta Ohnishi,Hufflepuffs
339,100471,Madeline Ormskirk,Hufflepuffs
340,34968,Gillian Ossett,Hufflepuffs
341,34862,Anthony Otterburn,Hufflepuffs
342,35968,Manoj Pandit,Hufflepuffs
343,100486,Madhumati Parmar,Hufflepuffs
344,99634,Ashish Patel,Hufflepuffs
345,34861,Bhavana Patel,Hufflepuffs
346,34855,Edna Patridge,Hufflepuffs
347,34963,Sean Peakes,Hufflepuffs
348,34870,Eldon Pembroke,Hufflepuffs
349,27392,Gareth Pewsey,Hufflepuffs
350,206835,Philip,Hufflepuffs
351,100472,Gayle Pocklington,Hufflepuffs
352,24981,Potions Club girl,Hufflepuffs
353,7040,Malcolm Preece,Hufflepuffs
354,36001,Gladys Prescott,Hufflepuffs
355,99623,Sidney Puckeridge,Hufflepuffs
356,118947,Eglantine Puffett,Hufflepuffs
357,100480,Caroline Purvis,Hufflepuffs
358,7041,Anthony Rickett,Hufflepuffs
359,35970,Graham Romsey,Hufflepuffs
360,35148,Lynette Sawley,Hufflepuffs
361,2425,Newton Scamander,Hufflepuffs
362,194311,Theseus Scamander,Hufflepuffs
363,100487,Satinder Singh,Hufflepuffs
364,1014,Zacharias Smith,Hufflepuffs
365,99629,Adrian Speke,Hufflepuffs
366,421,Pomona Sprout,Hufflepuffs
367,99636,Manish Sreenivasan,Hufflepuffs
368,7010,Stebbins (Potter-era),Hufflepuffs
369,4437,Grogan Stump,Hufflepuffs
370,96193,Aki Sugiyama,Hufflepuffs
371,7032,Summerby,Hufflepuffs
372,7033,Summers,Hufflepuffs
373,100494,Natsumi Suzuki,Hufflepuffs
374,99627,Malcolm Swannage,Hufflepuffs
375,34874,Lina Tande,Hufflepuffs
376,99632,Gabriel Tate,Hufflepuffs
377,100476,Siobhan Templeton,Hufflepuffs
378,99628,Alistair Thaxted,Hufflepuffs
379,34876,Agatha Thrussington,Hufflepuffs
380,35979,Isabella Tintwistle,Hufflepuffs
381,100477,Lesley Toddington,Hufflepuffs
382,584,Nymphadora Tonks,Hufflepuffs
383,34872,Jessica Tring,Hufflepuffs
384,119113,Gabriel Truman,Hufflepuffs
385,99625,James Tuckett (I),Hufflepuffs
386,35152,James Tuckett (II),Hufflepuffs
387,99631,Darrel Turner,Hufflepuffs
388,115607,Unidentified Choir Member (I),Hufflepuffs
389,130871,Unidentified Hogwarts Hufflepuff boy who carried a body during the Battle of Hogwarts,Hufflepuffs
390,96825,Unidentified Hufflepuff boy (II),Hufflepuffs
391,116234,Unidentified Hufflepuff boy that greets Sir Nicholas (I),Hufflepuffs
392,31787,Unidentified Hufflepuff girl (I),Hufflepuffs
393,177275,Unidentified Hufflepuff girl (II),Hufflepuffs
394,210094,Unidentified Hufflepuff girl (V),Hufflepuffs
395,97417,Unidentified Hufflepuff girl at the Battle of Hogwarts,Hufflepuffs
396,116241,Unidentified Hufflepuff girl that greets Sir Nicholas (I),Hufflepuffs
397,34866,Zara Valli,Hufflepuffs
398,35987,Eugene Warmsley,Hufflepuffs
399,8385,Bridget Wenlock,Hufflepuffs
400,7031,Kevin Whitby,Hufflepuffs
401,35974,Dora Williams,Hufflepuffs
402,3737,Hengist of Woodcroft,Hufflepuffs
403,99639,Katsuji Yamazaki,Hufflepuffs
404,99638,Kousuke Yoshioka,Hufflepuffs
405,7062,Rose Zeller,Hufflepuffs
406,33946,Roland Abberley,Ravenclaws
407,7011,Stewart Ackerley,Ravenclaws
408,99467,Jatin Agarkar,Ravenclaws
409,27126,Alannis,Ravenclaws
410,27517,Dennis Aldermaston,Ravenclaws
411,211296,Badeea Ali,Ravenclaws
412,27508,Pamela Alton,Ravenclaws
413,25495,Amanda,Ravenclaws
414,99473,Yutaka Amano,Ravenclaws
415,33936,Scott Ancrum,Ravenclaws
416,35222,Andrew,Ravenclaws
417,99511,Becky Arncliffe,Ravenclaws
418,4338,Millicent Bagnold,Ravenclaws
419,99462,Arjuna Balaji,Ravenclaws
420,99514,Yvonne Bampton,Ravenclaws
421,6035,Marcus Belby,Ravenclaws
422,35232,Ethan Bexley,Ravenclaws
423,33937,Trevor Birch,Ravenclaws
424,866,Terry Boot,Ravenclaws
425,162011,Boy who kept a bezoar in his pocket,Ravenclaws
426,7043,Bradley,Ravenclaws
427,7044,Mandy Brocklehurst,Ravenclaws
428,35150,Sheila Brooks,Ravenclaws
429,6094,Randolph Burrow,Ravenclaws
430,7045,Eddie Carmichael,Ravenclaws
431,7049,Chambers,Ravenclaws
432,326,Cho Chang,Ravenclaws
433,919,Penelope Clearwater,Ravenclaws
434,34964,Hortense Cooper,Ravenclaws
435,697,Michael Corner,Ravenclaws
436,99515,Loretta Cornhill,Ravenclaws
437,172485,Daisy Corran,Ravenclaws
438,205898,Chester Davies,Ravenclaws
439,1015,Roger Davies,Ravenclaws
440,27512,Helen Dawlish,Ravenclaws
441,27425,Nanette Desford,Ravenclaws
442,99571,Shruti Dev,Ravenclaws
443,99471,Ananyo Dhillon,Ravenclaws
444,99433,Nathaniel Douglas,Ravenclaws
445,33941,Felicity Eastchurch,Ravenclaws
446,522,Marietta Edgecombe,Ravenclaws
447,207917,Andre Egwu,Ravenclaws
448,208584,Eliza,Ravenclaws
449,99521,Harriet Ellesmere,Ravenclaws
450,99522,Hilary Erskine,Ravenclaws
451,99524,Margaret Ettington,Ravenclaws
452,2770,Perpetua Fancourt,Ravenclaws
453,5966,Fawcett,Ravenclaws
454,186935,Marcus Fenwick,Ravenclaws
455,35992,Patrick Fincher,Ravenclaws
456,55,Filius Flitwick,Ravenclaws
457,99527,Miranda Flockton,Ravenclaws
458,14701,Basil Fronsac,Ravenclaws
459,35946,Cordelia Gifford,Ravenclaws
460,34883,Maria Glossop,Ravenclaws
461,1072,Anthony Goldstein,Ravenclaws
462,212346,Olivia Green,Ravenclaws
463,99434,Austin Guthrie,Ravenclaws
464,99435,Noel Harwich,Ravenclaws
465,35985,Declan Haworth,Ravenclaws
466,35340,Head of Ravenclaw House,Ravenclaws
467,99436,Christopher Hemsley,Ravenclaws
468,27522,Susanna Hesleden,Ravenclaws
469,118977,Robert Hilliard,Ravenclaws
470,27513,Marcus Hitchin,Ravenclaws
471,99439,Sanford Humberston,Ravenclaws
472,27423,Jason Huntingdon,Ravenclaws
473,27511,Shoma Ichikawa,Ravenclaws
474,6095,Duncan Inglebee,Ravenclaws
475,35983,Nola Johnston,Ravenclaws
476,99574,Tomoko Kajiwara,Ravenclaws
477,207871,Tulip Karasu,Ravenclaws
478,35977,Andrea Kegworth,Ravenclaws
479,99537,Sarah Kempston,Ravenclaws
480,99562,Joan Kerridge,Ravenclaws
481,99451,Danny Kershaw,Ravenclaws
482,99461,Ashok Khanna,Ravenclaws
483,99440,Humphrey Kilburn,Ravenclaws
484,35981,Noreen Kirkby,Ravenclaws
485,99460,Biko Kisawahi,Ravenclaws
486,36216,Unidentified Ravenclaw lady,Ravenclaws
487,99441,Mark Latchingdon,Ravenclaws
488,35996,Toby Lennox (Ravenclaw),Ravenclaws
489,6982,Sue Li,Ravenclaws
490,53,Gilderoy Lockhart,Ravenclaws
491,238,Luna Lovegood,Ravenclaws
492,5006,Xenophilius Lovegood,Ravenclaws
493,99538,Roberta Lutterworth,Ravenclaws
494,16257,Isobel MacDougal,Ravenclaws
495,89453,Unidentified Ravenclaw Seeker,Ravenclaws
496,27510,Hugo Mattingley,Ravenclaws
497,99487,Sterling McCubbin,Ravenclaws
498,118967,Lorcan McLaird,Ravenclaws
499,99445,Godfrey Midhurst,Ravenclaws
500,99564,Elizabeth Mkapa,Ravenclaws
501,99458,Phillip Montgomery,Ravenclaws
502,9921,Laverne de Montmorency,Ravenclaws
503,41165,Music classroom monitor,Ravenclaws
504,99472,Takashi Noda,Ravenclaws
505,33940,Banga O'Deluga,Ravenclaws
506,3857,Garrick Ollivander,Ravenclaws
507,6097,Grant Page,Ravenclaws
508,99446,Sherwood Partington,Ravenclaws
509,686,Padma Patil,Ravenclaws
510,99568,Swati Pevekar,Ravenclaws
511,7050,Orla Quirke,Ravenclaws
512,54,Quirinus Quirrell,Ravenclaws
513,99569,Amina Qureshi,Ravenclaws
514,99570,Asma Rahman,Ravenclaws
515,33943,Latisha Randle,Ravenclaws
516,90778,Ravenclaw Wizard Duelling Champion,Ravenclaws
517,63221,Ravenclaw Wizard's Chess champion,Ravenclaws
518,38,Helena Ravenclaw,Ravenclaws
519,486,Rowena Ravenclaw,Ravenclaws
520,14265,Raymond,Ravenclaws
521,35202,Rebecca,Ravenclaws
522,27521,Yolanda Reedham,Ravenclaws
523,130342,Maisy Reynolds,Ravenclaws
524,33945,Hemani Roshan,Ravenclaws
525,99539,Ophelia Rushden,Ravenclaws
526,6096,Jason Samuels,Ravenclaws
527,129238,Secret student sweetshop manager,Ravenclaws
528,27533,Omar Shaw,Ravenclaws
529,35999,Alannis Shepley,Ravenclaws
530,33944,Kim Sheringham,Ravenclaws
531,35954,Arman Shettigar,Ravenclaws
532,27427,Justin Steele,Ravenclaws
533,99561,Hazel Stickney,Ravenclaws
534,99452,Geoffrey Stradbroke,Ravenclaws
535,99453,Arnold Streeton,Ravenclaws
536,5492,Jeremy Stretton,Ravenclaws
537,99454,Lewis Thorverton,Ravenclaws
538,46,Sybill Trelawney,Ravenclaws
539,99464,Sachin Tripathy,Ravenclaws
540,99572,Miyuki Tsuji,Ravenclaws
541,184840,Marcus Turner,Ravenclaws
542,6746,Lisa Turpin,Ravenclaws
543,130852,Unidentified Dumbledore's Army male Ravenclaw member 1997-1998 (II),Ravenclaws
544,130866,Unidentified Hogwarts Ravenclaw boy who carried a body during the Battle of Hogwarts,Ravenclaws
545,80090,Unidentified Ravenclaw 4th years,Ravenclaws
546,130777,Unidentified Ravenclaw black girl during the Battle of Hogwarts,Ravenclaws
547,46995,Unidentified Ravenclaw boy,Ravenclaws
548,119962,Unidentified Ravenclaw boy (II),Ravenclaws
549,130710,Unidentified Ravenclaw boy (III),Ravenclaws
550,134087,Unidentified Ravenclaw boy at Hogwarts,Ravenclaws
551,140265,Unidentified Ravenclaw boy during the Battle of Hogwarts,Ravenclaws
552,119828,Unidentified Ravenclaw Girl during the Battle of Hogwarts,Ravenclaws
553,35120,Unidentified Ravenclaw prefect,Ravenclaws
554,124836,Unidentified Ravenclaw prefect (II),Ravenclaws
555,100890,Unidentified Ravenclaw student asked to the Yule Ball by a Durmstrang student,Ravenclaws
556,162805,Unidentified Ravenclaw Substitute Seeker,Ravenclaws
557,8001,Uric the Oddball,Ravenclaws
558,99455,Gerald Vickers,Ravenclaws
559,60,Myrtle Warren,Ravenclaws
560,2765,Ignatia Wildsmith,Ravenclaws
561,99456,Gerard Willerby,Ravenclaws
562,210869,Talbott Winger,Ravenclaws
563,99457,Aron Woodbridge,Ravenclaws
564,35957,Nigel Wroxton,Ravenclaws
565,99573,Mizuho Yoshii,Ravenclaws
566,100545,Zoe Accrington,Slytherins
567,34868,Uchi Akimbo,Slytherins
568,212347,Duncan Ashe,Slytherins
569,3759,Avery I,Slytherins
570,3764,Avery II,Slytherins
571,7059,Malcolm Baddock,Slytherins
572,100546,Tabitha Bainbridge,Slytherins
573,100547,Sadie Baldock,Slytherins
574,100500,Tristram Bassenthwaite,Slytherins
575,100501,Darius Berrow,Slytherins
576,77815,Bespectacled Slytherin girl,Slytherins
577,100525,Yatin Bhagat,Slytherins
578,100566,Kinjal Bhatia,Slytherins
579,126514,Vicky Bishopper,Slytherins
580,3132,Alphard Black,Slytherins
581,6737,Callidora Black,Slytherins
582,6735,Cassiopeia Black,Slytherins
583,6739,Cedrella Black,Slytherins
584,6708,Charis Black,Slytherins
585,6742,Cygnus Black III,Slytherins
586,3839,Dorea Black,Slytherins
587,6741,Lucretia Black,Slytherins
588,3534,Orion Black,Slytherins
589,3816,Phineas Nigellus Black,Slytherins
590,83,Regulus Black,Slytherins
591,2762,Walburga Black,Slytherins
592,36334,Kevin Bletchley,Slytherins
593,865,Miles Bletchley,Slytherins
594,36,Bloody Baron,Slytherins
595,6310,Lucian Bole,Slytherins
596,192663,Craig Bowker Jr,Slytherins
597,82797,Unidentified boy who attended Charm School,Slytherins
598,161921,Boy who failed Avifors Spell's cousin,Slytherins
599,161975,Boy who owned a magic hamster,Slytherins
600,100502,Cameron Boyle,Slytherins
601,35220,Bridget,Slytherins
602,35967,Nerissa Brody,Slytherins
603,679,Millicent Bulstrode,Slytherins
604,14699,Elizabeth Burke,Slytherins
605,18212,Flora Carrow,Slytherins
606,18211,Hestia Carrow,Slytherins
607,34879,Diane Carter,Slytherins
608,34891,Fergus Cowley,Slytherins
609,547,Vincent Crabbe,Slytherins
610,44396,Stuart Craggy,Slytherins
611,34860,Irving Cram (II),Slytherins
612,44389,Winky Crockett (Slytherin),Slytherins
613,198022,Silas Crump,Slytherins
614,100531,Sebastian Daley,Slytherins
615,126518,Dan Darker,Slytherins
616,7055,Tracey Davis,Slytherins
617,34865,Simon Dedworth (II),Slytherins
618,3389,Peregrine Derrick,Slytherins
619,42332,Draco Malfoy's gang,Slytherins
620,35115,Slytherin Duelling Club Captain,Slytherins
621,96195,Bowen Duffield,Slytherins
622,77774,Dungeon Corridor Slytherin prefect (I),Slytherins
623,77775,Dungeon Corridor Slytherin prefect (II),Slytherins
624,35154,Curtis Evercreech,Slytherins
625,118961,Gemma Farley,Slytherins
626,41366,Sixth-Year Inquisitorial Squad Member,Slytherins
627,293,Marcus Flint,Slytherins
628,100540,Amy Frome,Slytherins
629,164202,Gang of Slytherins,Slytherins
630,151156,Corvinus Gaunt,Slytherins
631,191439,Gormlaith Gaunt,Slytherins
632,100503,Damon Gosforth,Slytherins
633,548,Gregory Goyle,Slytherins
634,100549,Mathilda Greenford,Slytherins
635,2442,Daphne Greengrass,Slytherins
636,100523,Amrish Gupta,Slytherins
637,100571,Yurika Haneda,Slytherins
638,35147,Niles Hanley,Slytherins
639,7057,Harper,Slytherins
640,34890,Maynard Hatton,Slytherins
641,30318,Head of Slytherin House,Slytherins
642,5493,Terence Higgs,Slytherins
643,126515,Robin Higgy,Slytherins
644,685,House of Gaunt,Slytherins
645,100572,Manami Ichijoh,Slytherins
646,100504,Malcolm Ilminster,Slytherins
647,44395,Jody Jacknife,Slytherins
648,96198,Trupti Kadam,Slytherins
649,100524,Sourav Kartik,Slytherins
650,100569,Zubeida Khan,Slytherins
651,44392,Jo King (Slytherin),Slytherins
652,38264,Unidentified Slytherin knight,Slytherins
653,126521,Kris Kolumbiko,Slytherins
654,100530,Hirohisa Kubo,Slytherins
655,126519,Jess Lafington,Slytherins
656,44390,Neil Lament,Slytherins
657,44397,Steve Laughalot,Slytherins
658,96186,Maxwell Lazenby,Slytherins
659,34881,Holden Ledbury,Slytherins
660,207872,Barnaby Lee,Slytherins
661,7544,Lestrange,Slytherins
662,506,Bellatrix Lestrange,Slytherins
663,196831,Leta Lestrange,Slytherins
664,657,Rodolphus Lestrange,Slytherins
665,100505,Gabriel Lithgow,Slytherins
666,34884,Xander Lofthouse,Slytherins
667,126517,Russell Lucky,Slytherins
668,35997,Scarlett Lympsham,Slytherins
669,100509,Charles Machin,Slytherins
670,3731,Mafalda,Slytherins
671,126522,David Makehay,Slytherins
672,812,Abraxas Malfoy,Slytherins
673,16,Draco Malfoy,Slytherins
674,313,Lucius Malfoy,Slytherins
675,464,Narcissa Malfoy,Slytherins
676,5038,Scorpius Malfoy,Slytherins
677,34967,Thomas McGruder,Slytherins
678,100551,Gertrude Meads,Slytherins
679,100550,Sylvia Melville,Slytherins
680,7602,Merlin,Slytherins
681,209285,Merula Snyde's gang,Slytherins
682,100554,Glynis Mexborough,Slytherins
683,100511,Byron Miller,Slytherins
684,100507,Titus Mitcham,Slytherins
685,34957,Agnes Monkleigh,Slytherins
686,2443,Graham Montague,Slytherins
687,100563,Selina Moore,Slytherins
688,34961,Timothy Morcott,Slytherins
689,35994,Daryl Morden,Slytherins
690,34959,Shawn Morris,Slytherins
691,208415,Ismelda Murk,Slytherins
692,100541,Adelaide Murton,Slytherins
693,34886,Irfan Mustaq,Slytherins
694,35151,Tracey Nettlebed,Slytherins
695,100516,Garrick Newbourne,Slytherins
696,118694,Nigel's nephew,Slytherins
697,684,Theodore Nott,Slytherins
698,100542,Nerys Orpington,Slytherins
699,126523,Mark Overcliff,Slytherins
700,211064,Pansy Parkinson's Gang,Slytherins
701,100565,Ona Parangyo,Slytherins
702,640,Pansy Parkinson,Slytherins
703,96190,Mildred Peebles,Slytherins
704,100555,Ursula Penkridge,Slytherins
705,100517,Horatio Pershore,Slytherins
706,35229,Peter,Slytherins
707,100508,Ronald Phipps,Slytherins
708,18027,Pike,Slytherins
709,5091,Albus Potter,Slytherins
710,7064,Graham Pritchard,Slytherins
711,2441,Adrian Pucey,Slytherins
712,100543,Abigail Pugh,Slytherins
713,34857,Gordon Pummell (II),Slytherins
714,35958,Bastien Queensbury,Slytherins
715,100556,Hayley Quentin,Slytherins
716,35224,Rachel,Slytherins
717,126513,Katie Rayknolls,Slytherins
718,100557,Viola Richmond,Slytherins
719,343,Tom Riddle,Slytherins
720,100512,Michael Robinson,Slytherins
721,3225,Evan Rosier,Slytherins
722,205882,Felix Rosier,Slytherins
723,100558,Muriel Rothley,Slytherins
724,100559,Hortense Rowland,Slytherins
725,100560,Megan Rowstock,Slytherins
726,35209,Roy,Slytherins
727,5684,Scabior,Slytherins
728,100519,Gideon Scalby,Slytherins
729,100567,Poonima Shah,Slytherins
730,100561,Olivia Shardlow,Slytherins
731,100527,Bhupen Shastri,Slytherins
732,100568,Archana Shetty,Slytherins
733,100570,Reiko Sibazaki,Slytherins
734,259,Horace Slughorn,Slytherins
735,96844,Slytherin student that blames Harry Potter (I),Slytherins
736,96845,Slytherin student that blames Harry Potter (II),Slytherins
737,90777,Slytherin Wizard Duelling Champion,Slytherins
738,63223,Slytherin Wizard's Chess champion,Slytherins
739,341,Salazar Slytherin,Slytherins
740,33,Severus Snape,Slytherins
741,44391,Andrew Snowy Owl (Slytherin),Slytherins
742,205878,Merula Snyde,Slytherins
743,205928,Merula Snyde's father,Slytherins
744,205927,Merula Snyde's mother,Slytherins
745,126516,Mark Sommertime,Slytherins
746,100520,Grant Sparkford,Slytherins
747,100522,Cole Spencer,Slytherins
748,100510,Norman Stacey,Slytherins
749,34880,Imogen Stretton,Slytherins
750,35980,Junpei Suruga,Slytherins
751,34863,Alex Sykes (II),Slytherins
752,100529,Atsushi Takagi,Slytherins
753,44399,Lucinda Talkalot,Slytherins
754,35947,Vikram Thakur,Slytherins
755,100544,Heather Thatcham,Slytherins
756,77766,Third Floor Corridor Slytherin prefect,Slytherins
757,161941,Third Floor Slytherin Prefect,Slytherins
758,2749,Tom Riddle's gang,Slytherins
759,586,Andromeda Tonks,Slytherins
760,209045,Liz Tuttle,Slytherins
761,49,Dolores Umbridge,Slytherins
762,133153,Unidentified blonde Slytherin girl,Slytherins
763,91755,Unidentified Slytherin Beater,Slytherins
764,125344,Unidentified Slytherin Beater (II),Slytherins
765,139223,Unidentified Slytherin boy in the Battle of Hogwarts,Slytherins
766,45638,Unidentified Slytherin girl (I),Slytherins
767,72145,Unidentified Slytherin girl (II),Slytherins
768,176487,Unidentified Slytherin girl (III),Slytherins
769,139222,Unidentified Slytherin girl at the Battle of Hogwarts,Slytherins
770,143096,Unidentified Slytherin girl at the Battle of Hogwarts (III),Slytherins
771,143104,Unidentified Slytherin girl in the Battle of Hogwarts (IV),Slytherins
772,125345,Unidentified Slytherin Keeper,Slytherins
773,5494,Urquhart,Slytherins
774,7058,Vaisey,Slytherins
775,44398,Emma Vanity (Slytherin),Slytherins
776,2444,Cassius Warrington,Slytherins
777,100521,Spencer Whiddon,Slytherins
778,100562,Phylis Whitehead,Slytherins
779,3153,Wilkes,Slytherins
780,35971,Ella Wilkins,Slytherins
781,44393,Rufus Winickus,Slytherins
782,719,Blaise Zabini,Slytherins
783,5965,B. Dunstan,Unknown_House
784,197895,Albert Bellchant,Unknown_House
785,210722,Benjamin Hater,Unknown_House
786,208886,Billingsley,Unknown_House
787,40463,Bletchley (musician),Unknown_House
788,35943,David Boorman II,Unknown_House
789,155500,D. L. Boot,Unknown_House
790,161920,Boy who failed Avifors Spell,Unknown_House
791,101832,Felix Brunt (I),Unknown_House
792,35960,Felix Brunt (II),Unknown_House
793,167856,Flora Buchanan,Unknown_House
794,167855,Hamish Buchanan,Unknown_House
795,5967,K. Bundy,Unknown_House
796,203669,Bunty,Unknown_House
797,94836,B. C.,Unknown_House
798,47586,Cedric,Unknown_House
799,210732,Clive Lundquist,Unknown_House
800,101834,Irving Cram (I),Unknown_House
801,7657,Barnabas Cuffe,Unknown_House
802,1063,John Dawlish,Unknown_House
803,101837,Simon Dedworth (I),Unknown_House
804,118626,Derek (turtle talker),Unknown_House
805,9796,Harold Dingle,Unknown_House
806,211332,Elora Dunn,Unknown_House
807,210746,Fiesella Foss,Unknown_House
808,674,Mundungus Fletcher,Unknown_House
809,576,Cornelius Fudge,Unknown_House
810,101840,Ross Gibberd (I),Unknown_House
811,195905,Mathilda Grimblehawk,Unknown_House
812,210742,Veronica Heap,Unknown_House
813,19911,Hogwarts Express conductor,Unknown_House
814,172831,Hogwarts potions champion,Unknown_House
815,90490,Unidentified Hogwarts student interested in earth magic,Unknown_House
816,96832,Hogwarts student that blames Harry Potter,Unknown_House
817,5968,J. Dorny,Unknown_House
818,205867,Jacob (Hogwarts student),Unknown_House
819,205866,Jacob's sibling,Unknown_House
820,46890,James Potter II's friends,Unknown_House
821,210750,Jomauh Agardh,Unknown_House
822,210697,Josephine Kay,Unknown_House
823,210735,Karl H.,Unknown_House
824,210719,Laurent Varcy,Unknown_House
825,212190,Chiara Lobosca,Unknown_House
826,555,Augusta Longbottom,Unknown_House
827,208462,Luisa,Unknown_House
828,153378,Lyall Lupin,Unknown_House
829,57980,Dominic Maestro,Unknown_House
830,195520,Paul Males,Unknown_House
831,98453,Mary I,Unknown_House
832,196115,Mathilda Grimblehawk's partner,Unknown_House
833,196490,Sean Miller,Unknown_House
834,51,Alastor Moody,Unknown_House
835,7051,Lily Moon,Unknown_House
836,39077,Angelus Moriattis,Unknown_House
837,57985,Maurice Netto,Unknown_House
838,101847,Gordon Pummell (I),Unknown_House
839,101849,Ivan Renshaw (I),Unknown_House
840,35955,Ivan Renshaw (II),Unknown_House
841,683,Rolanda Hooch,Unknown_House
842,35991,Ross Gibberd (II),Unknown_House
843,5969,S. Capper,Unknown_House
844,589,Kingsley Shacklebolt,Unknown_House
845,101855,Alex Sykes (I),Unknown_House
846,210703,Thomas Vace,Unknown_House
847,210706,Timothy Butler,Unknown_House
848,210699,Tyra Teegarden,Unknown_House
849,38121,Unidentified Minister of Magical Transportation,Unknown_House
850,5063,Victoire Weasley,Unknown_House
