[{"out_degree": 8, "bc": 0.0004, "in_degree": 9, "ec": 0.0109, "id": 1, "name": "Barnaby Lee"}, {"out_degree": 4, "bc": 0.0, "in_degree": 0, "ec": 0.0, "id": 2, "name": "Third Floor Corridor Slytherin prefect"}, {"out_degree": 1, "bc": 0.0, "in_degree": 0, "ec": 0.0, "id": 3, "name": "Boy 2"}, {"out_degree": 1, "bc": 0.0, "in_degree": 0, "ec": 0.0, "id": 4, "name": "Uchi Akimbo"}, {"out_degree": 6, "bc": 0.0, "in_degree": 2, "ec": 0.006, "id": 5, "name": "Harper"}, {"out_degree": 0, "bc": 0.0, "in_degree": 0, "ec": 0.0, "id": 6, "name": "Megan Rowstock"}, {"out_degree": 38, "bc": 0.0017, "in_degree": 46, "ec": 0.1337, "id": 7, "name": "Arthur Weasley"}, {"out_degree": 35, "bc": 0.001, "in_degree": 21, "ec": 0.0535, "id": 8, "name": "Colin Creevey"}, {"out_degree": 22, "bc": 0.0006, "in_degree": 2, "ec": 0.0059, "id": 9, "name": "Fay Dunbar's friend"}, {"out_degree": 0, "bc": 0.0, "in_degree": 0, "ec": 0.0, "id": 10, "name": "Mary Doyle"}, {"out_degree": 0, "bc": 0.0, "in_degree": 0, "ec": 0.0, "id": 11, "name": "Ursula Penkridge"}, {"out_degree": 0, "bc": 0.0, "in_degree": 0, "ec": 0.0, "id": 12, "name": "Rose Zeller"}, {"out_degree": 0, "bc": 0.0, "in_degree": 0, "ec": 0.0, "id": 13, "name": "Clive Lundquist"}, {"out_degree": 0, "bc": 0.0, "in_degree": 0, "ec": 0.0, "id": 14, "name": "Dan"}, {"out_degree": 0, "bc": 0.0, "in_degree": 0, "ec": 0.0, "id": 15, "name": "Ethan Gerard"}, {"out_degree": 0, "bc": 0.0, "in_degree": 0, "ec": 0.0, "id": 16, "name": "Agatha Thrussington"}, {"out_degree": 1, "bc": 0.0, "in_degree": 0, "ec": 0.0, "id": 17, "name": "Secret student sweetshop manager"}, {"out_degree": 8, "bc": 0.0001, "in_degree": 10, "ec": 0.0122, "id": 18, "name": "Silvanus Kettleburn"}, {"out_degree": 6, "bc": 0.0, "in_degree": 1, "ec": 0.0004, "id": 19, "name": "Jae Kim"}, {"out_degree": 0, "bc": 0.0, "in_degree": 0, "ec": 0.0, "id": 20, "name": "Viola Richmond"}, {"out_degree": 0, "bc": 0.0, "in_degree": 0, "ec": 0.0, "id": 21, "name": "Gareth Pewsey"}, {"out_degree": 8, "bc": 0.0, "in_degree": 0, "ec": 0.0, "id": 22, "name": "Boy who owned a magic hamster"}, {"out_degree": 0, "bc": 0.0, "in_degree": 0, "ec": 0.0, "id": 23, "name": "Gayle Pocklington"}, {"out_degree": 41, "bc": 0.0021, "in_degree": 65, "ec": 0.1587, "id": 24, "name": "Rubeus Hagrid"}, {"out_degree": 5, "bc": 0.0001, "in_degree": 12, "ec": 0.024, "id": 25, "name": "Lestrange"}, {"out_degree": 0, "bc": 0.0, "in_degree": 0, "ec": 0.0, "id": 26, "name": "Vaisey"}, {"out_degree": 2, "bc": 0.0, "in_degree": 1, "ec": 0.0, "id": 27, "name": "Artemisia Lufkin"}, {"out_degree": 1, "bc": 0.0, "in_degree": 1, "ec": 0.0, "id": 28, "name": "Thomas Vace"}, {"out_degree": 1, "bc": 0.0, "in_degree": 0, "ec": 0.0, "id": 29, "name": "Natalie McDonald"}, {"out_degree": 0, "bc": 0.0, "in_degree": 0, "ec": 0.0, "id": 30, "name": "Lydia Cooden"}, {"out_degree": 3, "bc": 0.0, "in_degree": 2, "ec": 0.0005, "id": 31, "name": "Adrian Pucey"}, {"out_degree": 0, "bc": 0.0, "in_degree": 0, "ec": 0.0, "id": 32, "name": "Hazel Stickney"}, {"out_degree": 1, "bc": 0.0, "in_degree": 0, "ec": 0.0, "id": 33, "name": "Nandini Johar"}, {"out_degree": 2, "bc": 0.0, "in_degree": 0, "ec": 0.0, "id": 34, "name": "Mafalda"}, {"out_degree": 0, "bc": 0.0, "in_degree": 0, "ec": 0.0, "id": 35, "name": "Sylvia Melville"}, {"out_degree": 2, "bc": 0.0, "in_degree": 0, "ec": 0.0, "id": 36, "name": "Olivia Green"}, {"out_degree": 0, "bc": 0.0, "in_degree": 10, "ec": 0.0019, "id": 37, "name": "Robert Hilliard"}, {"out_degree": 2, "bc": 0.0, "in_degree": 1, "ec": 0.0031, "id": 38, "name": "Emily Tyler"}, {"out_degree": 0, "bc": 0.0, "in_degree": 0, "ec": 0.0, "id": 39, "name": "Rohit Das"}, {"out_degree": 0, "bc": 0.0, "in_degree": 0, "ec": 0.0, "id": 40, "name": "Sadie Baldock"}, {"out_degree": 2, "bc": 0.0018, "in_degree": 2, "ec": 0.0, "id": 41, "name": "Jason Charmer"}, {"out_degree": 50, "bc": 0.017, "in_degree": 80, "ec": 0.159, "id": 42, "name": "Minerva McGonagall"}, {"out_degree": 1, "bc": 0.0, "in_degree": 0, "ec": 0.0, "id": 43, "name": "Thomas McGruder"}, {"out_degree": 0, "bc": 0.0, "in_degree": 0, "ec": 0.0, "id": 44, "name": "Trudy Galston"}, {"out_degree": 1, "bc": 0.0, "in_degree": 0, "ec": 0.0, "id": 45, "name": "Unidentified friend of McClaggan"}, {"out_degree": 1, "bc": 0.0, "in_degree": 1, "ec": 0.0, "id": 46, "name": "Flora Buchanan"}, {"out_degree": 2, "bc": 0.0, "in_degree": 2, "ec": 0.0, "id": 47, "name": "Jo King (Gryffindor)"}, {"out_degree": 1, "bc": 0.0, "in_degree": 0, "ec": 0.0, "id": 48, "name": "Eldon Pembroke"}, {"out_degree": 0, "bc": 0.0, "in_degree": 0, "ec": 0.0, "id": 49, "name": "Ananyo Dhillon"}, {"out_degree": 0, "bc": 0.0, "in_degree": 0, "ec": 0.0, "id": 50, "name": "Titus Mitcham"}, {"out_degree": 8, "bc": 0.0, "in_degree": 3, "ec": 0.0172, "id": 51, "name": "Scabior"}, {"out_degree": 2, "bc": 0.0007, "in_degree": 2, "ec": 0.0, "id": 52, "name": "Rufus Winickus"}, {"out_degree": 0, "bc": 0.0, "in_degree": 0, "ec": 0.0, "id": 53, "name": "Aki Sugiyama"}, {"out_degree": 9, "bc": 0.0006, "in_degree": 12, "ec": 0.018, "id": 54, "name": "Jacob (Hogwarts student)"}, {"out_degree": 16, "bc": 0.0, "in_degree": 7, "ec": 0.0133, "id": 55, "name": "Leanne"}, {"out_degree": 3, "bc": 0.0, "in_degree": 0, "ec": 0.0, "id": 56, "name": "Amelia Fittleworth"}, {"out_degree": 2, "bc": 0.0004, "in_degree": 2, "ec": 0.0, "id": 57, "name": "Imogen Stretton"}, {"out_degree": 2, "bc": 0.0, "in_degree": 0, "ec": 0.0, "id": 58, "name": "Sixth-Year Inquisitorial Squad Member"}, {"out_degree": 54, "bc": 0.0063, "in_degree": 109, "ec": 0.1955, "id": 59, "name": "Severus Snape"}, {"out_degree": 0, "bc": 0.0, "in_degree": 0, "ec": 0.0, "id": 60, "name": "Rosalyn Ewhurst"}, {"out_degree": 0, "bc": 0.0, "in_degree": 0, "ec": 0.0, "id": 61, "name": "Godfrey Midhurst"}, {"out_degree": 0, "bc": 0.0, "in_degree": 0, "ec": 0.0, "id": 62, "name": "Trisha Buttermere"}, {"out_degree": 0, "bc": 0.0, "in_degree": 0, "ec": 0.0, "id": 63, "name": "Nerissa Brody"}, {"out_degree": 0, "bc": 0.0, "in_degree": 0, "ec": 0.0, "id": 64, "name": "Herbert Fleet"}, {"out_degree": 1, "bc": 0.0, "in_degree": 1, "ec": 0.0, "id": 65, "name": "Benjamin Hater"}, {"out_degree": 10, "bc": 0.0001, "in_degree": 11, "ec": 0.0204, "id": 66, "name": "Fat Lady"}, {"out_degree": 2, "bc": 0.0, "in_degree": 0, "ec": 0.0, "id": 67, "name": "Isobel MacDougal"}, {"out_degree": 4, "bc": 0.0, "in_degree": 0, "ec": 0.0, "id": 68, "name": "Unidentified Gryffindor man (III)"}, {"out_degree": 19, "bc": 0.0007, "in_degree": 5, "ec": 0.0073, "id": 69, "name": "Gang of Slytherins"}, {"out_degree": 2, "bc": 0.0, "in_degree": 0, "ec": 0.0, "id": 70, "name": "Boy in Study Hall"}, {"out_degree": 0, "bc": 0.0, "in_degree": 0, "ec": 0.0, "id": 71, "name": "Nigel's nephew"}, {"out_degree": 0, "bc": 0.0, "in_degree": 0, "ec": 0.0, "id": 72, "name": "Kousuke Yoshioka"}, {"out_degree": 0, "bc": 0.0, "in_degree": 0, "ec": 0.0, "id": 73, "name": "Lewis Thorverton"}, {"out_degree": 14, "bc": 0.0021, "in_degree": 7, "ec": 0.0198, "id": 74, "name": "John Dawlish"}, {"out_degree": 0, "bc": 0.0, "in_degree": 0, "ec": 0.0, "id": 75, "name": "Sally Birchgrove"}, {"out_degree": 0, "bc": 0.0, "in_degree": 0, "ec": 0.0, "id": 76, "name": "Katsuji Yamazaki"}, {"out_degree": 2, "bc": 0.0, "in_degree": 0, "ec": 0.0, "id": 77, "name": "Eglantine Puffett"}, {"out_degree": 9, "bc": 0.0001, "in_degree": 1, "ec": 0.0, "id": 78, "name": "Gemma Farley"}, {"out_degree": 2, "bc": 0.0, "in_degree": 1, "ec": 0.0, "id": 79, "name": "Slytherin student that blames Harry Potter (I)"}, {"out_degree": 0, "bc": 0.0, "in_degree": 0, "ec": 0.0, "id": 80, "name": "Jessica Tring"}, {"out_degree": 2, "bc": 0.0039, "in_degree": 2, "ec": 0.0, "id": 81, "name": "Jess Lafington"}, {"out_degree": 0, "bc": 0.0, "in_degree": 0, "ec": 0.0, "id": 82, "name": "Derek (turtle talker)"}, {"out_degree": 3, "bc": 0.0, "in_degree": 0, "ec": 0.0, "id": 83, "name": "Dennis Aldermaston"}, {"out_degree": 0, "bc": 0.0, "in_degree": 0, "ec": 0.0, "id": 84, "name": "Kay Formby"}, {"out_degree": 2, "bc": 0.0, "in_degree": 0, "ec": 0.0, "id": 85, "name": "Unidentified Hufflepuff girl (V)"}, {"out_degree": 0, "bc": 0.0, "in_degree": 0, "ec": 0.0, "id": 86, "name": "Satinder Singh"}, {"out_degree": 0, "bc": 0.0, "in_degree": 0, "ec": 0.0, "id": 87, "name": "Timothy Justin"}, {"out_degree": 1, "bc": 0.0, "in_degree": 0, "ec": 0.0, "id": 88, "name": "Unidentified Ravenclaw Substitute Seeker"}, {"out_degree": 4, "bc": 0.0, "in_degree": 1, "ec": 0.0, "id": 89, "name": "Unidentified Hufflepuff lady"}, {"out_degree": 8, "bc": 0.0, "in_degree": 0, "ec": 0.0, "id": 90, "name": "Unidentified Slytherin girl (I)"}, {"out_degree": 0, "bc": 0.0, "in_degree": 0, "ec": 0.0, "id": 91, "name": "Hamish Knighton"}, {"out_degree": 0, "bc": 0.0, "in_degree": 0, "ec": 0.0, "id": 92, "name": "Unidentified Hogwarts Hufflepuff boy who carried a body during the Battle of Hogwarts"}, {"out_degree": 0, "bc": 0.0, "in_degree": 0, "ec": 0.0, "id": 93, "name": "Swati Pevekar"}, {"out_degree": 3, "bc": 0.0, "in_degree": 1, "ec": 0.0, "id": 94, "name": "Amanda"}, {"out_degree": 20, "bc": 0.0, "in_degree": 2, "ec": 0.0, "id": 95, "name": "Kellah"}, {"out_degree": 10, "bc": 0.0, "in_degree": 2, "ec": 0.0003, "id": 96, "name": "Chester Davies"}, {"out_degree": 1, "bc": 0.0, "in_degree": 0, "ec": 0.0, "id": 97, "name": "Sujita Tande"}, {"out_degree": 6, "bc": 0.0, "in_degree": 2, "ec": 0.0, "id": 98, "name": "Slytherin Duelling Club Captain"}, {"out_degree": 1, "bc": 0.0, "in_degree": 0, "ec": 0.0, "id": 99, "name": "Zara Valli"}, {"out_degree": 1, "bc": 0.0, "in_degree": 0, "ec": 0.0, "id": 100, "name": "Unidentified Ravenclaw boy during the Battle of Hogwarts"}, {"out_degree": 25, "bc": 0.0004, "in_degree": 11, "ec": 0.0197, "id": 101, "name": "Patricia Rakepick"}, {"out_degree": 3, "bc": 0.0, "in_degree": 0, "ec": 0.0, "id": 102, "name": "Roland Abberley"}, {"out_degree": 0, "bc": 0.0, "in_degree": 0, "ec": 0.0, "id": 103, "name": "Sachin Tripathy"}, {"out_degree": 0, "bc": 0.0, "in_degree": 0, "ec": 0.0, "id": 104, "name": "Nerys Orpington"}, {"out_degree": 27, "bc": 0.0028, "in_degree": 29, "ec": 0.0566, "id": 105, "name": "Hannah Abbott"}, {"out_degree": 0, "bc": 0.0, "in_degree": 0, "ec": 0.0, "id": 106, "name": "Jackson Sheppard"}, {"out_degree": 2, "bc": 0.0, "in_degree": 1, "ec": 0.0, "id": 107, "name": "Slytherin student that blames Harry Potter (II)"}, {"out_degree": 0, "bc": 0.0, "in_degree": 0, "ec": 0.0, "id": 108, "name": "Cordelia Gifford"}, {"out_degree": 14, "bc": 0.002, "in_degree": 14, "ec": 0.0341, "id": 109, "name": "Cormac McLaggen"}, {"out_degree": 0, "bc": 0.0, "in_degree": 0, "ec": 0.0, "id": 110, "name": "Omar Shaw"}, {"out_degree": 1, "bc": 0.0, "in_degree": 0, "ec": 0.0, "id": 111, "name": "Kouta Ohnishi"}, {"out_degree": 0, "bc": 0.0, "in_degree": 0, "ec": 0.0, "id": 112, "name": "Manish Sreenivasan"}, {"out_degree": 2, "bc": 0.0, "in_degree": 0, "ec": 0.0, "id": 113, "name": "Unidentified Ravenclaw prefect (II)"}, {"out_degree": 1, "bc": 0.0, "in_degree": 1, "ec": 0.0, "id": 114, "name": "Gordon Pummell (II)"}, {"out_degree": 1, "bc": 0.0, "in_degree": 1, "ec": 0.0, "id": 115, "name": "Ross Gibberd (I)"}, {"out_degree": 0, "bc": 0.0, "in_degree": 0, "ec": 0.0, "id": 116, "name": "Madhumati Parmar"}, {"out_degree": 0, "bc": 0.0, "in_degree": 0, "ec": 0.0, "id": 117, "name": "Yutaka Amano"}, {"out_degree": 11, "bc": 0.0006, "in_degree": 10, "ec": 0.0232, "id": 118, "name": "Evan Rosier"}, {"out_degree": 0, "bc": 0.0, "in_degree": 0, "ec": 0.0, "id": 119, "name": "Ashok Khanna"}, {"out_degree": 0, "bc": 0.0, "in_degree": 0, "ec": 0.0, "id": 120, "name": "Graham Romsey"}, {"out_degree": 0, "bc": 0.0, "in_degree": 0, "ec": 0.0, "id": 121, "name": "Olivia Shardlow"}, {"out_degree": 3, "bc": 0.0, "in_degree": 2, "ec": 0.0, "id": 122, "name": "Gryffindor Wizard's Chess champion"}, {"out_degree": 5, "bc": 0.0, "in_degree": 0, "ec": 0.0, "id": 123, "name": "Unidentified blonde Slytherin girl"}, {"out_degree": 2, "bc": 0.0007, "in_degree": 2, "ec": 0.0, "id": 124, "name": "Vicky Bishopper"}, {"out_degree": 1, "bc": 0.0, "in_degree": 2, "ec": 0.0022, "id": 125, "name": "Maxine O'Flaherty"}, {"out_degree": 0, "bc": 0.0, "in_degree": 0, "ec": 0.0, "id": 126, "name": "Archana Shetty"}, {"out_degree": 0, "bc": 0.0, "in_degree": 0, "ec": 0.0, "id": 127, "name": "Annabel Entwhistle"}, {"out_degree": 2, "bc": 0.0013, "in_degree": 2, "ec": 0.0, "id": 128, "name": "Robin Higgy"}, {"out_degree": 4, "bc": 0.0, "in_degree": 4, "ec": 0.0091, "id": 129, "name": "Gormlaith Gaunt"}, {"out_degree": 3, "bc": 0.0, "in_degree": 0, "ec": 0.0, "id": 130, "name": "Trevor Birch"}, {"out_degree": 9, "bc": 0.0, "in_degree": 1, "ec": 0.0, "id": 131, "name": "Bem"}, {"out_degree": 0, "bc": 0.0, "in_degree": 0, "ec": 0.0, "id": 132, "name": "Benjamin McEwen"}, {"out_degree": 3, "bc": 0.0, "in_degree": 0, "ec": 0.0, "id": 133, "name": "Entrance Hall Gryffindor prefect"}, {"out_degree": 0, "bc": 0.0, "in_degree": 0, "ec": 0.0, "id": 134, "name": "David Boorman II"}, {"out_degree": 26, "bc": 0.0003, "in_degree": 24, "ec": 0.0569, "id": 135, "name": "Andromeda Tonks"}, {"out_degree": 0, "bc": 0.0, "in_degree": 0, "ec": 0.0, "id": 136, "name": "Zoe Accrington"}, {"out_degree": 0, "bc": 0.0, "in_degree": 0, "ec": 0.0, "id": 137, "name": "Toby Lennox (Gryffindor)"}, {"out_degree": 3, "bc": 0.0, "in_degree": 1, "ec": 0.0, "id": 138, "name": "Sean Peakes"}, {"out_degree": 7, "bc": 0.0, "in_degree": 0, "ec": 0.0, "id": 139, "name": "Unidentified Slytherin girl (III)"}, {"out_degree": 0, "bc": 0.0, "in_degree": 0, "ec": 0.0, "id": 140, "name": "Grace Nutley"}, {"out_degree": 1, "bc": 0.0, "in_degree": 0, "ec": 0.0, "id": 141, "name": "Maurice Netto"}, {"out_degree": 0, "bc": 0.0, "in_degree": 0, "ec": 0.0, "id": 142, "name": "Kate Olney"}, {"out_degree": 0, "bc": 0.0, "in_degree": 0, "ec": 0.0, "id": 143, "name": "Nick Alas"}, {"out_degree": 1, "bc": 0.0, "in_degree": 0, "ec": 0.0, "id": 144, "name": "Angelus Moriattis"}, {"out_degree": 3, "bc": 0.0, "in_degree": 2, "ec": 0.0, "id": 145, "name": "Daisy Corran"}, {"out_degree": 35, "bc": 0.0006, "in_degree": 21, "ec": 0.05, "id": 146, "name": "Alicia Spinnet"}, {"out_degree": 0, "bc": 0.0, "in_degree": 0, "ec": 0.0, "id": 147, "name": "Louise Fontwell"}, {"out_degree": 0, "bc": 0.0, "in_degree": 0, "ec": 0.0, "id": 148, "name": "Yolanda Reedham"}, {"out_degree": 1, "bc": 0.0, "in_degree": 1, "ec": 0.0, "id": 149, "name": "Winky Crockett (Gryffindor)"}, {"out_degree": 0, "bc": 0.0, "in_degree": 0, "ec": 0.0, "id": 150, "name": "Ella Jo"}, {"out_degree": 1, "bc": 0.0, "in_degree": 0, "ec": 0.0, "id": 151, "name": "Raza Mohammad"}, {"out_degree": 1, "bc": 0.0, "in_degree": 0, "ec": 0.0, "id": 152, "name": "K. Bundy"}, {"out_degree": 1, "bc": 0.0, "in_degree": 1, "ec": 0.0, "id": 153, "name": "Gianna Grace Marie"}, {"out_degree": 0, "bc": 0.0, "in_degree": 0, "ec": 0.0, "id": 154, "name": "Fiona Belmont"}, {"out_degree": 0, "bc": 0.0, "in_degree": 0, "ec": 0.0, "id": 155, "name": "Bernard Maltby"}, {"out_degree": 0, "bc": 0.0, "in_degree": 0, "ec": 0.0, "id": 156, "name": "Heather"}, {"out_degree": 1, "bc": 0.0, "in_degree": 0, "ec": 0.0, "id": 157, "name": "Music classroom monitor"}, {"out_degree": 3, "bc": 0.0, "in_degree": 1, "ec": 0.0023, "id": 158, "name": "James Potter II's friends"}, {"out_degree": 0, "bc": 0.0, "in_degree": 0, "ec": 0.0, "id": 159, "name": "Cameron Boyle"}, {"out_degree": 0, "bc": 0.0, "in_degree": 0, "ec": 0.0, "id": 160, "name": "Wayne Portchester"}, {"out_degree": 1, "bc": 0.0, "in_degree": 1, "ec": 0.0, "id": 161, "name": "Phelan Noel"}, {"out_degree": 0, "bc": 0.0, "in_degree": 0, "ec": 0.0, "id": 162, "name": "Fiesella Foss"}, {"out_degree": 4, "bc": 0.0, "in_degree": 0, "ec": 0.0, "id": 163, "name": "Polly Chapman"}, {"out_degree": 0, "bc": 0.0, "in_degree": 0, "ec": 0.0, "id": 164, "name": "Hamish Frater"}, {"out_degree": 2, "bc": 0.0007, "in_degree": 2, "ec": 0.0, "id": 165, "name": "Steve Laughalot"}, {"out_degree": 1, "bc": 0.0, "in_degree": 1, "ec": 0.0, "id": 166, "name": "Ivan Renshaw (I)"}, {"out_degree": 0, "bc": 0.0, "in_degree": 0, "ec": 0.0, "id": 167, "name": "Junpei Suruga"}, {"out_degree": 5, "bc": 0.0, "in_degree": 3, "ec": 0.0095, "id": 168, "name": "Lyall Lupin"}, {"out_degree": 1, "bc": 0.0004, "in_degree": 2, "ec": 0.0, "id": 169, "name": "Lina Tande"}, {"out_degree": 3, "bc": 0.0, "in_degree": 1, "ec": 0.0, "id": 170, "name": "Raymond"}, {"out_degree": 0, "bc": 0.0, "in_degree": 0, "ec": 0.0, "id": 171, "name": "Maxwell Lazenby"}, {"out_degree": 1, "bc": 0.0, "in_degree": 0, "ec": 0.0, "id": 172, "name": "Natalie Fairbourne"}, {"out_degree": 0, "bc": 0.0, "in_degree": 0, "ec": 0.0, "id": 173, "name": "Haley Dakota"}, {"out_degree": 1, "bc": 0.0, "in_degree": 1, "ec": 0.0, "id": 174, "name": "Alex Sykes (II)"}, {"out_degree": 3, "bc": 0.0001, "in_degree": 3, "ec": 0.0018, "id": 175, "name": "Jane Court"}, {"out_degree": 0, "bc": 0.0, "in_degree": 0, "ec": 0.0, "id": 176, "name": "Terry Skeres"}, {"out_degree": 4, "bc": 0.0, "in_degree": 2, "ec": 0.0, "id": 177, "name": "Justin Steele"}, {"out_degree": 0, "bc": 0.0, "in_degree": 0, "ec": 0.0, "id": 178, "name": "Unidentified Hufflepuff girl at the Battle of Hogwarts"}, {"out_degree": 1, "bc": 0.0, "in_degree": 0, "ec": 0.0, "id": 179, "name": "Lisa Cullen"}, {"out_degree": 0, "bc": 0.0, "in_degree": 0, "ec": 0.0, "id": 180, "name": "Ryan Henry"}, {"out_degree": 0, "bc": 0.0, "in_degree": 0, "ec": 0.0, "id": 181, "name": "Sisi Makerere"}, {"out_degree": 2, "bc": 0.0, "in_degree": 2, "ec": 0.0, "id": 182, "name": "Unidentified Gryffindor chaser (III)"}, {"out_degree": 8, "bc": 0.0008, "in_degree": 4, "ec": 0.0017, "id": 183, "name": "Lucian Bole"}, {"out_degree": 2, "bc": 0.0004, "in_degree": 1, "ec": 0.0, "id": 184, "name": "Unidentified boy who attended Charm School"}, {"out_degree": 0, "bc": 0.0, "in_degree": 0, "ec": 0.0, "id": 185, "name": "Humphrey Kilburn"}, {"out_degree": 11, "bc": 0.0, "in_degree": 2, "ec": 0.0034, "id": 186, "name": "Millicent Bagnold"}, {"out_degree": 0, "bc": 0.0, "in_degree": 0, "ec": 0.0, "id": 187, "name": "Abigail Nicola"}, {"out_degree": 0, "bc": 0.0, "in_degree": 0, "ec": 0.0, "id": 188, "name": "Malcolm Swannage"}, {"out_degree": 0, "bc": 0.0, "in_degree": 0, "ec": 0.0, "id": 189, "name": "Zakir Akram"}, {"out_degree": 3, "bc": 0.0075, "in_degree": 2, "ec": 0.0, "id": 190, "name": "Winky Crockett (Slytherin)"}, {"out_degree": 0, "bc": 0.0, "in_degree": 0, "ec": 0.0, "id": 191, "name": "Unidentified Slytherin girl at the Battle of Hogwarts (III)"}, {"out_degree": 7, "bc": 0.0, "in_degree": 1, "ec": 0.0003, "id": 192, "name": "Talbott Winger"}, {"out_degree": 0, "bc": 0.0, "in_degree": 0, "ec": 0.0, "id": 193, "name": "Michael Frimley"}, {"out_degree": 0, "bc": 0.0, "in_degree": 0, "ec": 0.0, "id": 194, "name": "Karl H."}, {"out_degree": 1, "bc": 0.0004, "in_degree": 1, "ec": 0.0, "id": 195, "name": "Unidentified Ravenclaw Seeker"}, {"out_degree": 0, "bc": 0.0, "in_degree": 0, "ec": 0.0, "id": 196, "name": "Luke Cholderton"}, {"out_degree": 0, "bc": 0.0, "in_degree": 0, "ec": 0.0, "id": 197, "name": "Curt Hanger"}, {"out_degree": 18, "bc": 0.0013, "in_degree": 29, "ec": 0.0629, "id": 198, "name": "Salazar Slytherin"}, {"out_degree": 1, "bc": 0.0, "in_degree": 2, "ec": 0.001, "id": 199, "name": "Lisa Turpin"}, {"out_degree": 0, "bc": 0.0, "in_degree": 0, "ec": 0.0, "id": 200, "name": "Jason Samuels"}, {"out_degree": 20, "bc": 0.0017, "in_degree": 25, "ec": 0.0671, "id": 201, "name": "Zacharias Smith"}, {"out_degree": 22, "bc": 0.0003, "in_degree": 24, "ec": 0.0806, "id": 202, "name": "Garrick Ollivander"}, {"out_degree": 2, "bc": 0.0, "in_degree": 0, "ec": 0.0, "id": 203, "name": "Unidentified Ravenclaw prefect"}, {"out_degree": 18, "bc": 0.0039, "in_degree": 42, "ec": 0.0396, "id": 204, "name": "Jacob's sibling"}, {"out_degree": 4, "bc": 0.0, "in_degree": 2, "ec": 0.0004, "id": 205, "name": "Merula Snyde's mother"}, {"out_degree": 0, "bc": 0.0, "in_degree": 0, "ec": 0.0, "id": 206, "name": "Duncan Inglebee"}, {"out_degree": 0, "bc": 0.0, "in_degree": 0, "ec": 0.0, "id": 207, "name": "Steven Osterley"}, {"out_degree": 1, "bc": 0.0, "in_degree": 1, "ec": 0.0, "id": 208, "name": "Hardik Tandel"}, {"out_degree": 1, "bc": 0.0, "in_degree": 1, "ec": 0.0, "id": 209, "name": "Andrew Snowy Owl (Gryffindor)"}, {"out_degree": 0, "bc": 0.0, "in_degree": 0, "ec": 0.0, "id": 210, "name": "Gerald Vickers"}, {"out_degree": 2, "bc": 0.0007, "in_degree": 1, "ec": 0.0, "id": 211, "name": "Anthony Otterburn"}, {"out_degree": 0, "bc": 0.0, "in_degree": 0, "ec": 0.0, "id": 212, "name": "Pauline Yarrow"}, {"out_degree": 4, "bc": 0.0007, "in_degree": 2, "ec": 0.0, "id": 213, "name": "Karl Limpley"}, {"out_degree": 2, "bc": 0.0, "in_degree": 0, "ec": 0.0, "id": 214, "name": "Chiara Lobosca"}, {"out_degree": 0, "bc": 0.0, "in_degree": 0, "ec": 0.0, "id": 215, "name": "Andrea Kegworth"}, {"out_degree": 19, "bc": 0.0002, "in_degree": 14, "ec": 0.0452, "id": 216, "name": "Marauders"}, {"out_degree": 0, "bc": 0.0, "in_degree": 0, "ec": 0.0, "id": 217, "name": "Danny Kershaw"}, {"out_degree": 30, "bc": 0.0005, "in_degree": 41, "ec": 0.134, "id": 218, "name": "Alastor Moody"}, {"out_degree": 38, "bc": 0.0032, "in_degree": 23, "ec": 0.0525, "id": 219, "name": "Susan Bones"}, {"out_degree": 1, "bc": 0.0, "in_degree": 1, "ec": 0.0, "id": 220, "name": "Anthony Rickett"}, {"out_degree": 2, "bc": 0.0, "in_degree": 0, "ec": 0.0, "id": 221, "name": "Tracey Nettlebed"}, {"out_degree": 0, "bc": 0.0, "in_degree": 0, "ec": 0.0, "id": 222, "name": "Glynis Mexborough"}, {"out_degree": 5, "bc": 0.0002, "in_degree": 3, "ec": 0.0035, "id": 223, "name": "Roger Davies"}, {"out_degree": 21, "bc": 0.0007, "in_degree": 20, "ec": 0.0618, "id": 224, "name": "Rodolphus Lestrange"}, {"out_degree": 23, "bc": 0.001, "in_degree": 42, "ec": 0.1127, "id": 225, "name": "James Potter I"}, {"out_degree": 0, "bc": 0.0, "in_degree": 0, "ec": 0.0, "id": 226, "name": "Hayley Quentin"}, {"out_degree": 3, "bc": 0.0, "in_degree": 2, "ec": 0.0, "id": 227, "name": "Slytherin Wizard's Chess champion"}, {"out_degree": 0, "bc": 0.0, "in_degree": 0, "ec": 0.0, "id": 228, "name": "Kinjal Bhatia"}, {"out_degree": 44, "bc": 0.0076, "in_degree": 38, "ec": 0.091, "id": 229, "name": "Angelina Johnson"}, {"out_degree": 1, "bc": 0.0, "in_degree": 0, "ec": 0.0, "id": 230, "name": "Hemani Roshan"}, {"out_degree": 0, "bc": 0.0, "in_degree": 0, "ec": 0.0, "id": 231, "name": "Margaret Ettington"}, {"out_degree": 0, "bc": 0.0, "in_degree": 0, "ec": 0.0, "id": 232, "name": "Noel Harwich"}, {"out_degree": 0, "bc": 0.0, "in_degree": 0, "ec": 0.0, "id": 233, "name": "Sam Fraddon"}, {"out_degree": 0, "bc": 0.0, "in_degree": 0, "ec": 0.0, "id": 234, "name": "Pete Balsall"}, {"out_degree": 2, "bc": 0.0, "in_degree": 0, "ec": 0.0, "id": 235, "name": "Unidentified Hogwarts Gryffindor girl during the Battle of Hogwarts"}, {"out_degree": 41, "bc": 0.0023, "in_degree": 35, "ec": 0.0779, "id": 236, "name": "Seamus Finnigan"}, {"out_degree": 2, "bc": 0.0, "in_degree": 0, "ec": 0.0, "id": 237, "name": "Dominic Maestro"}, {"out_degree": 0, "bc": 0.0, "in_degree": 0, "ec": 0.0, "id": 238, "name": "Tracie Everson"}, {"out_degree": 0, "bc": 0.0, "in_degree": 0, "ec": 0.0, "id": 239, "name": "Siobhan Templeton"}, {"out_degree": 0, "bc": 0.0, "in_degree": 0, "ec": 0.0, "id": 240, "name": "Raashid Hussain"}, {"out_degree": 33, "bc": 0.0012, "in_degree": 22, "ec": 0.0463, "id": 241, "name": "Pansy Parkinson"}, {"out_degree": 0, "bc": 0.0, "in_degree": 0, "ec": 0.0, "id": 242, "name": "James (Hufflepuff Quidditch player)"}, {"out_degree": 20, "bc": 0.0012, "in_degree": 23, "ec": 0.0543, "id": 243, "name": "Terry Boot"}, {"out_degree": 0, "bc": 0.0, "in_degree": 0, "ec": 0.0, "id": 244, "name": "Unidentified Ravenclaw boy"}, {"out_degree": 2, "bc": 0.0, "in_degree": 2, "ec": 0.0, "id": 245, "name": "Hugh Biggs"}, {"out_degree": 0, "bc": 0.0, "in_degree": 0, "ec": 0.0, "id": 246, "name": "Caroline Purvis"}, {"out_degree": 0, "bc": 0.0, "in_degree": 0, "ec": 0.0, "id": 247, "name": "Miyuki Tsuji"}, {"out_degree": 47, "bc": 0.0034, "in_degree": 58, "ec": 0.1373, "id": 248, "name": "Luna Lovegood"}, {"out_degree": 24, "bc": 0.0009, "in_degree": 25, "ec": 0.0813, "id": 249, "name": "James Potter II"}, {"out_degree": 0, "bc": 0.0, "in_degree": 0, "ec": 0.0, "id": 250, "name": "Lesley Toddington"}, {"out_degree": 4, "bc": 0.0, "in_degree": 2, "ec": 0.0004, "id": 251, "name": "Merula Snyde's father"}, {"out_degree": 25, "bc": 0.0008, "in_degree": 19, "ec": 0.0467, "id": 252, "name": "Oliver Wood"}, {"out_degree": 2, "bc": 0.0, "in_degree": 2, "ec": 0.0017, "id": 253, "name": "Michael"}, {"out_degree": 3, "bc": 0.0, "in_degree": 0, "ec": 0.0, "id": 254, "name": "Kim Sheringham"}, {"out_degree": 1, "bc": 0.0, "in_degree": 0, "ec": 0.0, "id": 255, "name": "Unidentified Hufflepuff girl that greets Sir Nicholas (I)"}, {"out_degree": 78, "bc": 0.0152, "in_degree": 113, "ec": 0.1991, "id": 256, "name": "Albus Dumbledore"}, {"out_degree": 1, "bc": 0.0, "in_degree": 1, "ec": 0.0, "id": 257, "name": "Jeremy Stretton"}, {"out_degree": 5, "bc": 0.0125, "in_degree": 2, "ec": 0.0044, "id": 258, "name": "M. G. McGonagall"}, {"out_degree": 1, "bc": 0.0, "in_degree": 0, "ec": 0.0, "id": 259, "name": "Kenneth Towler"}, {"out_degree": 1, "bc": 0.0, "in_degree": 1, "ec": 0.0, "id": 260, "name": "James Tuckett (I)"}, {"out_degree": 11, "bc": 0.0007, "in_degree": 9, "ec": 0.016, "id": 261, "name": "Godric Gryffindor"}, {"out_degree": 2, "bc": 0.0, "in_degree": 0, "ec": 0.0, "id": 262, "name": "Hengist of Woodcroft"}, {"out_degree": 0, "bc": 0.0, "in_degree": 0, "ec": 0.0, "id": 263, "name": "Horatio Pershore"}, {"out_degree": 0, "bc": 0.0, "in_degree": 0, "ec": 0.0, "id": 264, "name": "Emily (Gryffindor)"}, {"out_degree": 0, "bc": 0.0, "in_degree": 0, "ec": 0.0, "id": 265, "name": "Kieran Muirhead"}, {"out_degree": 8, "bc": 0.0001, "in_degree": 11, "ec": 0.0432, "id": 266, "name": "Xenophilius Lovegood"}, {"out_degree": 0, "bc": 0.0, "in_degree": 0, "ec": 0.0, "id": 267, "name": "Nathaniel Douglas"}, {"out_degree": 4, "bc": 0.0, "in_degree": 2, "ec": 0.0036, "id": 268, "name": "Flora Carrow"}, {"out_degree": 0, "bc": 0.0, "in_degree": 0, "ec": 0.0, "id": 269, "name": "Sidney Puckeridge"}, {"out_degree": 29, "bc": 0.0006, "in_degree": 31, "ec": 0.0757, "id": 270, "name": "Narcissa Malfoy"}, {"out_degree": 0, "bc": 0.0, "in_degree": 0, "ec": 0.0, "id": 271, "name": "Unidentified Gryffindor boy's friend"}, {"out_degree": 0, "bc": 0.0, "in_degree": 0, "ec": 0.0, "id": 272, "name": "Chie Shinohara"}, {"out_degree": 0, "bc": 0.0, "in_degree": 0, "ec": 0.0, "id": 273, "name": "Richard Sky"}, {"out_degree": 62, "bc": 0.004, "in_degree": 72, "ec": 0.1507, "id": 274, "name": "Ginevra Weasley"}, {"out_degree": 21, "bc": 0.0001, "in_degree": 12, "ec": 0.0539, "id": 275, "name": "Myrtle Warren"}, {"out_degree": 0, "bc": 0.0, "in_degree": 0, "ec": 0.0, "id": 276, "name": "Gerard Willerby"}, {"out_degree": 1, "bc": 0.0, "in_degree": 1, "ec": 0.0, "id": 277, "name": "Ross Gibberd (II)"}, {"out_degree": 1, "bc": 0.0, "in_degree": 1, "ec": 0.0, "id": 278, "name": "Dungeon Corridor Slytherin prefect (II)"}, {"out_degree": 1, "bc": 0.0, "in_degree": 1, "ec": 0.0, "id": 279, "name": "Katie Rayknolls"}, {"out_degree": 2, "bc": 0.0, "in_degree": 0, "ec": 0.0, "id": 280, "name": "Eliza"}, {"out_degree": 1, "bc": 0.0, "in_degree": 0, "ec": 0.0, "id": 281, "name": "Ignatia Wildsmith"}, {"out_degree": 17, "bc": 0.0008, "in_degree": 12, "ec": 0.0283, "id": 282, "name": "Millicent Bulstrode"}, {"out_degree": 0, "bc": 0.0, "in_degree": 0, "ec": 0.0, "id": 283, "name": "Trupti Kadam"}, {"out_degree": 0, "bc": 0.0, "in_degree": 0, "ec": 0.0, "id": 284, "name": "Nola Johnston"}, {"out_degree": 4, "bc": 0.0, "in_degree": 1, "ec": 0.0004, "id": 285, "name": "Badeea Ali"}, {"out_degree": 0, "bc": 0.0, "in_degree": 0, "ec": 0.0, "id": 286, "name": "Philip Blagdon"}, {"out_degree": 0, "bc": 0.0, "in_degree": 0, "ec": 0.0, "id": 287, "name": "Eugene Warmsley"}, {"out_degree": 0, "bc": 0.0, "in_degree": 0, "ec": 0.0, "id": 288, "name": "Poonima Shah"}, {"out_degree": 1, "bc": 0.0, "in_degree": 0, "ec": 0.0, "id": 289, "name": "Niles Hanley"}, {"out_degree": 0, "bc": 0.0, "in_degree": 0, "ec": 0.0, "id": 290, "name": "Darius Berrow"}, {"out_degree": 0, "bc": 0.0, "in_degree": 0, "ec": 0.0, "id": 291, "name": "Amrish Gupta"}, {"out_degree": 1, "bc": 0.0, "in_degree": 0, "ec": 0.0, "id": 292, "name": "Alys"}, {"out_degree": 22, "bc": 0.0037, "in_degree": 18, "ec": 0.0148, "id": 293, "name": "Merula Snyde"}, {"out_degree": 0, "bc": 0.0, "in_degree": 0, "ec": 0.0, "id": 294, "name": "Adelaide Murton"}, {"out_degree": 1, "bc": 0.0, "in_degree": 0, "ec": 0.0, "id": 295, "name": "Vicky Frobisher"}, {"out_degree": 0, "bc": 0.0, "in_degree": 0, "ec": 0.0, "id": 296, "name": "Barry Rochester"}, {"out_degree": 16, "bc": 0.0, "in_degree": 14, "ec": 0.0301, "id": 297, "name": "Cygnus Black III"}, {"out_degree": 6, "bc": 0.0, "in_degree": 1, "ec": 0.0001, "id": 298, "name": "Potions Club girl"}, {"out_degree": 7, "bc": 0.0, "in_degree": 2, "ec": 0.0025, "id": 299, "name": "Pike"}, {"out_degree": 13, "bc": 0.0, "in_degree": 1, "ec": 0.0, "id": 300, "name": "Avery II"}, {"out_degree": 0, "bc": 0.0, "in_degree": 0, "ec": 0.0, "id": 301, "name": "Atsushi Takagi"}, {"out_degree": 0, "bc": 0.0, "in_degree": 0, "ec": 0.0, "id": 302, "name": "Ella Wilkins"}, {"out_degree": 2, "bc": 0.0007, "in_degree": 2, "ec": 0.0001, "id": 303, "name": "Filemina Alchin"}, {"out_degree": 1, "bc": 0.0, "in_degree": 0, "ec": 0.0, "id": 304, "name": "Hortense Cooper"}, {"out_degree": 5, "bc": 0.0, "in_degree": 5, "ec": 0.0002, "id": 305, "name": "Lily Moon"}, {"out_degree": 0, "bc": 0.0, "in_degree": 0, "ec": 0.0, "id": 306, "name": "Aiden O'Connor"}, {"out_degree": 5, "bc": 0.013, "in_degree": 4, "ec": 0.0, "id": 307, "name": "Jo King (Slytherin)"}, {"out_degree": 2, "bc": 0.002, "in_degree": 2, "ec": 0.0, "id": 308, "name": "Mark Sommertime"}, {"out_degree": 10, "bc": 0.0, "in_degree": 1, "ec": 0.0, "id": 309, "name": "Ritchie Coote"}, {"out_degree": 6, "bc": 0.0, "in_degree": 0, "ec": 0.0, "id": 310, "name": "Avery I"}, {"out_degree": 1, "bc": 0.0, "in_degree": 0, "ec": 0.0, "id": 311, "name": "B. Dunstan"}, {"out_degree": 1, "bc": 0.0, "in_degree": 1, "ec": 0.0, "id": 312, "name": "Alex Sykes (I)"}, {"out_degree": 2, "bc": 0.0, "in_degree": 0, "ec": 0.0, "id": 313, "name": "Unidentified Gryffindor man (IV)"}, {"out_degree": 24, "bc": 0.0013, "in_degree": 20, "ec": 0.0306, "id": 314, "name": "Rolanda Hooch"}, {"out_degree": 10, "bc": 0.0001, "in_degree": 4, "ec": 0.0133, "id": 315, "name": "Fleamont Potter"}, {"out_degree": 0, "bc": 0.0, "in_degree": 0, "ec": 0.0, "id": 316, "name": "Nicola Dodworth"}, {"out_degree": 0, "bc": 0.0, "in_degree": 0, "ec": 0.0, "id": 317, "name": "Ophelia Rushden"}, {"out_degree": 0, "bc": 0.0, "in_degree": 0, "ec": 0.0, "id": 318, "name": "Alexander William"}, {"out_degree": 0, "bc": 0.0, "in_degree": 0, "ec": 0.0, "id": 319, "name": "Aron Woodbridge"}, {"out_degree": 0, "bc": 0.0, "in_degree": 0, "ec": 0.0, "id": 320, "name": "Nina Chibbar"}, {"out_degree": 0, "bc": 0.0, "in_degree": 0, "ec": 0.0, "id": 321, "name": "Unidentified Slytherin girl in the Battle of Hogwarts (IV)"}, {"out_degree": 3, "bc": 0.0006, "in_degree": 1, "ec": 0.0001, "id": 322, "name": "Carl Hopkins"}, {"out_degree": 1, "bc": 0.0, "in_degree": 0, "ec": 0.0, "id": 323, "name": "Unidentified Ravenclaw lady"}, {"out_degree": 0, "bc": 0.0, "in_degree": 0, "ec": 0.0, "id": 324, "name": "Tanner Van Burm"}, {"out_degree": 0, "bc": 0.0, "in_degree": 0, "ec": 0.0, "id": 325, "name": "Thora Dinnet"}, {"out_degree": 0, "bc": 0.0, "in_degree": 0, "ec": 0.0, "id": 326, "name": "Elizabeth Mkapa"}, {"out_degree": 1, "bc": 0.0058, "in_degree": 2, "ec": 0.0, "id": 327, "name": "Mark Overcliff"}, {"out_degree": 8, "bc": 0.0, "in_degree": 8, "ec": 0.03, "id": 328, "name": "Penelope Clearwater"}, {"out_degree": 1, "bc": 0.0, "in_degree": 0, "ec": 0.0, "id": 329, "name": "Bridget"}, {"out_degree": 0, "bc": 0.0, "in_degree": 0, "ec": 0.0, "id": 330, "name": "Hisana Malachela"}, {"out_degree": 6, "bc": 0.0003, "in_degree": 5, "ec": 0.0067, "id": 331, "name": "Merlin"}, {"out_degree": 2, "bc": 0.0, "in_degree": 0, "ec": 0.0, "id": 332, "name": "Seventh Floor Gryffindor Prefect"}, {"out_degree": 0, "bc": 0.0, "in_degree": 0, "ec": 0.0, "id": 333, "name": "Kajol Bhatt"}, {"out_degree": 23, "bc": 0.0001, "in_degree": 18, "ec": 0.0629, "id": 334, "name": "Victoire Weasley"}, {"out_degree": 1, "bc": 0.0, "in_degree": 1, "ec": 0.0039, "id": 335, "name": "Celestina Warbeck"}, {"out_degree": 4, "bc": 0.0, "in_degree": 0, "ec": 0.0, "id": 336, "name": "Gryffindor boy who fetched Harry Potter"}, {"out_degree": 1, "bc": 0.0, "in_degree": 1, "ec": 0.0, "id": 337, "name": "Unidentified boy who attended Charm School's father"}, {"out_degree": 1, "bc": 0.0, "in_degree": 0, "ec": 0.0, "id": 338, "name": "J. Dorny"}, {"out_degree": 8, "bc": 0.0, "in_degree": 2, "ec": 0.0085, "id": 339, "name": "Demelza Robins"}, {"out_degree": 2, "bc": 0.0011, "in_degree": 1, "ec": 0.0, "id": 340, "name": "Abraham Grimblehawk"}, {"out_degree": 0, "bc": 0.0, "in_degree": 0, "ec": 0.0, "id": 341, "name": "Dinaz Zac"}, {"out_degree": 3, "bc": 0.0, "in_degree": 1, "ec": 0.0033, "id": 342, "name": "Unidentified Minister of Magical Transportation"}, {"out_degree": 0, "bc": 0.0, "in_degree": 0, "ec": 0.0, "id": 343, "name": "Rebecca"}, {"out_degree": 0, "bc": 0.0, "in_degree": 0, "ec": 0.0, "id": 344, "name": "Nitin Divekar"}, {"out_degree": 76, "bc": 0.0081, "in_degree": 124, "ec": 0.2108, "id": 345, "name": "Ronald Weasley"}, {"out_degree": 14, "bc": 0.0, "in_degree": 3, "ec": 0.0051, "id": 346, "name": "Dennis Creevey"}, {"out_degree": 1, "bc": 0.0, "in_degree": 1, "ec": 0.0, "id": 347, "name": "Simon Dedworth (II)"}, {"out_degree": 39, "bc": 0.0028, "in_degree": 37, "ec": 0.0796, "id": 348, "name": "Filius Flitwick"}, {"out_degree": 1, "bc": 0.0, "in_degree": 0, "ec": 0.0, "id": 349, "name": "Malcolm Preece"}, {"out_degree": 5, "bc": 0.0, "in_degree": 6, "ec": 0.002, "id": 350, "name": "Beatrice Haywood"}, {"out_degree": 7, "bc": 0.0008, "in_degree": 11, "ec": 0.0113, "id": 351, "name": "Penny Haywood"}, {"out_degree": 40, "bc": 0.0016, "in_degree": 51, "ec": 0.1445, "id": 352, "name": "Remus Lupin"}, {"out_degree": 2, "bc": 0.0, "in_degree": 2, "ec": 0.0, "id": 353, "name": "Bletchley (musician)"}, {"out_degree": 0, "bc": 0.0, "in_degree": 0, "ec": 0.0, "id": 354, "name": "Charles Machin"}, {"out_degree": 10, "bc": 0.0, "in_degree": 0, "ec": 0.0, "id": 355, "name": "Rionach O'Neal"}, {"out_degree": 3, "bc": 0.0, "in_degree": 0, "ec": 0.0, "id": 356, "name": "Third Floor Slytherin Prefect"}, {"out_degree": 3, "bc": 0.0, "in_degree": 0, "ec": 0.0, "id": 357, "name": "Ravenclaw Wizard Duelling Champion"}, {"out_degree": 0, "bc": 0.0, "in_degree": 0, "ec": 0.0, "id": 358, "name": "Sanford Humberston"}, {"out_degree": 2, "bc": 0.0026, "in_degree": 2, "ec": 0.0005, "id": 359, "name": "Lucinda Talkalot"}, {"out_degree": 0, "bc": 0.0, "in_degree": 0, "ec": 0.0, "id": 360, "name": "Adrian Speke"}, {"out_degree": 0, "bc": 0.0, "in_degree": 0, "ec": 0.0, "id": 361, "name": "Yatin Bhagat"}, {"out_degree": 27, "bc": 0.0004, "in_degree": 31, "ec": 0.1038, "id": 362, "name": "Kingsley Shacklebolt"}, {"out_degree": 1, "bc": 0.0, "in_degree": 0, "ec": 0.0, "id": 363, "name": "Laverne de Montmorency"}, {"out_degree": 0, "bc": 0.0, "in_degree": 0, "ec": 0.0, "id": 364, "name": "Kevin Whitby"}, {"out_degree": 0, "bc": 0.0, "in_degree": 0, "ec": 0.0, "id": 365, "name": "Christopher Hemsley"}, {"out_degree": 2, "bc": 0.0007, "in_degree": 3, "ec": 0.001, "id": 366, "name": "Mandy Brocklehurst"}, {"out_degree": 0, "bc": 0.0, "in_degree": 0, "ec": 0.0, "id": 367, "name": "Sterling McCubbin"}, {"out_degree": 0, "bc": 0.0, "in_degree": 0, "ec": 0.0, "id": 368, "name": "Malcolm Ilminster"}, {"out_degree": 0, "bc": 0.0, "in_degree": 0, "ec": 0.0, "id": 369, "name": "Unidentified Slytherin boy in the Battle of Hogwarts"}, {"out_degree": 3, "bc": 0.0, "in_degree": 3, "ec": 0.006, "id": 370, "name": "Theseus Scamander"}, {"out_degree": 0, "bc": 0.0, "in_degree": 0, "ec": 0.0, "id": 371, "name": "Edna Patridge"}, {"out_degree": 1, "bc": 0.0, "in_degree": 1, "ec": 0.0, "id": 372, "name": "Darrel Turner"}, {"out_degree": 12, "bc": 0.0008, "in_degree": 5, "ec": 0.01, "id": 373, "name": "Cassius Warrington"}, {"out_degree": 1, "bc": 0.0, "in_degree": 0, "ec": 0.0, "id": 374, "name": "Sheila Brooks"}, {"out_degree": 9, "bc": 0.0004, "in_degree": 23, "ec": 0.066, "id": 375, "name": "Marietta Edgecombe"}, {"out_degree": 21, "bc": 0.0002, "in_degree": 26, "ec": 0.0833, "id": 376, "name": "Quirinus Quirrell"}, {"out_degree": 1, "bc": 0.0, "in_degree": 0, "ec": 0.0, "id": 377, "name": "Unidentified card-playing boy"}, {"out_degree": 18, "bc": 0.0001, "in_degree": 6, "ec": 0.0075, "id": 378, "name": "Dorea Black"}, {"out_degree": 0, "bc": 0.0, "in_degree": 0, "ec": 0.0, "id": 379, "name": "Gideon Scalby"}, {"out_degree": 1, "bc": 0.0, "in_degree": 0, "ec": 0.0, "id": 380, "name": "Unidentified Hufflepuff boy that greets Sir Nicholas (I)"}, {"out_degree": 26, "bc": 0.0008, "in_degree": 27, "ec": 0.0703, "id": 381, "name": "Ernest Macmillan"}, {"out_degree": 0, "bc": 0.0, "in_degree": 0, "ec": 0.0, "id": 382, "name": "Unidentified Ravenclaw boy (III)"}, {"out_degree": 1, "bc": 0.0, "in_degree": 0, "ec": 0.0, "id": 383, "name": "Julie Parkes"}, {"out_degree": 0, "bc": 0.0, "in_degree": 0, "ec": 0.0, "id": 384, "name": "Ashley Sanders"}, {"out_degree": 0, "bc": 0.0, "in_degree": 0, "ec": 0.0, "id": 385, "name": "Toby Lennox (Ravenclaw)"}, {"out_degree": 5, "bc": 0.0, "in_degree": 4, "ec": 0.0071, "id": 386, "name": "Tom Riddle's gang"}, {"out_degree": 1, "bc": 0.0, "in_degree": 0, "ec": 0.0, "id": 387, "name": "Phillip Montgomery"}, {"out_degree": 1, "bc": 0.0, "in_degree": 0, "ec": 0.0, "id": 388, "name": "Susanna Hesleden"}, {"out_degree": 0, "bc": 0.0, "in_degree": 0, "ec": 0.0, "id": 389, "name": "Sage Kelleen"}, {"out_degree": 3, "bc": 0.0006, "in_degree": 3, "ec": 0.0, "id": 390, "name": "Albert"}, {"out_degree": 0, "bc": 0.0, "in_degree": 0, "ec": 0.0, "id": 391, "name": "David Hamblin"}, {"out_degree": 1, "bc": 0.0, "in_degree": 1, "ec": 0.0, "id": 392, "name": "Alannis Shepley"}, {"out_degree": 8, "bc": 0.0001, "in_degree": 7, "ec": 0.0116, "id": 393, "name": "Callidora Black"}, {"out_degree": 4, "bc": 0.0, "in_degree": 4, "ec": 0.0033, "id": 394, "name": "Duncan Ashe"}, {"out_degree": 18, "bc": 0.0008, "in_degree": 31, "ec": 0.0612, "id": 395, "name": "Gregory Goyle"}, {"out_degree": 0, "bc": 0.0, "in_degree": 0, "ec": 0.0, "id": 396, "name": "Declan Haworth"}, {"out_degree": 22, "bc": 0.0, "in_degree": 3, "ec": 0.0059, "id": 397, "name": "Fay Dunbar"}, {"out_degree": 0, "bc": 0.0, "in_degree": 0, "ec": 0.0, "id": 398, "name": "Poppy Caxton"}, {"out_degree": 1, "bc": 0.0, "in_degree": 2, "ec": 0.001, "id": 399, "name": "Sue Li"}, {"out_degree": 2, "bc": 0.0, "in_degree": 1, "ec": 0.0, "id": 400, "name": "Shoma Ichikawa"}, {"out_degree": 1, "bc": 0.0, "in_degree": 0, "ec": 0.0, "id": 401, "name": "Unidentified Hogwarts Ravenclaw boy who carried a body during the Battle of Hogwarts"}, {"out_degree": 2, "bc": 0.0, "in_degree": 0, "ec": 0.0, "id": 402, "name": "Unidentified Ravenclaw 4th years"}, {"out_degree": 5, "bc": 0.0, "in_degree": 3, "ec": 0.0107, "id": 403, "name": "Abraxas Malfoy"}, {"out_degree": 0, "bc": 0.0, "in_degree": 0, "ec": 0.0, "id": 404, "name": "Edith Newton"}, {"out_degree": 0, "bc": 0.0, "in_degree": 0, "ec": 0.0, "id": 405, "name": "Tyra Teegarden"}, {"out_degree": 42, "bc": 0.0008, "in_degree": 29, "ec": 0.0675, "id": 406, "name": "Katie Bell"}, {"out_degree": 2, "bc": 0.0, "in_degree": 0, "ec": 0.0, "id": 407, "name": "Unidentified Hogwarts student interested in earth magic"}, {"out_degree": 26, "bc": 0.0008, "in_degree": 26, "ec": 0.0943, "id": 408, "name": "Cornelius Fudge"}, {"out_degree": 35, "bc": 0.001, "in_degree": 21, "ec": 0.0375, "id": 409, "name": "Parvati Patil"}, {"out_degree": 5, "bc": 0.0022, "in_degree": 11, "ec": 0.0113, "id": 410, "name": "Newton Scamander"}, {"out_degree": 0, "bc": 0.0, "in_degree": 0, "ec": 0.0, "id": 411, "name": "Wayne Bostock"}, {"out_degree": 4, "bc": 0.0, "in_degree": 6, "ec": 0.0164, "id": 412, "name": "Wilkes"}, {"out_degree": 1, "bc": 0.0, "in_degree": 1, "ec": 0.0, "id": 413, "name": "Hamish Buchanan"}, {"out_degree": 0, "bc": 0.0, "in_degree": 0, "ec": 0.0, "id": 414, "name": "Jada Angela"}, {"out_degree": 1, "bc": 0.0, "in_degree": 1, "ec": 0.0, "id": 415, "name": "Irving Cram (II)"}, {"out_degree": 7, "bc": 0.0, "in_degree": 0, "ec": 0.0, "id": 416, "name": "Gryffindor boy who struggled with the Levitation Charm"}, {"out_degree": 1, "bc": 0.0, "in_degree": 0, "ec": 0.0, "id": 417, "name": "David Nolton"}, {"out_degree": 0, "bc": 0.0, "in_degree": 0, "ec": 0.0, "id": 418, "name": "Gabriel Tate"}, {"out_degree": 5, "bc": 0.0, "in_degree": 0, "ec": 0.0, "id": 419, "name": "Unidentified Hufflepuff girl (II)"}, {"out_degree": 13, "bc": 0.0001, "in_degree": 9, "ec": 0.0307, "id": 420, "name": "Augusta Longbottom"}, {"out_degree": 33, "bc": 0.0007, "in_degree": 37, "ec": 0.1144, "id": 421, "name": "Albus Potter"}, {"out_degree": 0, "bc": 0.0, "in_degree": 0, "ec": 0.0, "id": 422, "name": "Loretta Cornhill"}, {"out_degree": 1, "bc": 0.0, "in_degree": 0, "ec": 0.0, "id": 423, "name": "Martine Copplestone"}, {"out_degree": 2, "bc": 0.0046, "in_degree": 2, "ec": 0.0, "id": 424, "name": "Kris Kolumbiko"}, {"out_degree": 2, "bc": 0.0008, "in_degree": 2, "ec": 0.0, "id": 425, "name": "Mike Boon"}, {"out_degree": 1, "bc": 0.0, "in_degree": 0, "ec": 0.0, "id": 426, "name": "Bespectacled Slytherin girl"}, {"out_degree": 0, "bc": 0.0, "in_degree": 0, "ec": 0.0, "id": 427, "name": "Mark Latchingdon"}, {"out_degree": 0, "bc": 0.0, "in_degree": 0, "ec": 0.0, "id": 428, "name": "Unidentified Ravenclaw boy at Hogwarts"}, {"out_degree": 0, "bc": 0.0, "in_degree": 0, "ec": 0.0, "id": 429, "name": "Anjali Kapoor"}, {"out_degree": 0, "bc": 0.0, "in_degree": 0, "ec": 0.0, "id": 430, "name": "Harriet Ellesmere"}, {"out_degree": 4, "bc": 0.0001, "in_degree": 4, "ec": 0.0, "id": 431, "name": "Tobias Stump"}, {"out_degree": 0, "bc": 0.0, "in_degree": 0, "ec": 0.0, "id": 432, "name": "Kenny Markham"}, {"out_degree": 0, "bc": 0.0, "in_degree": 0, "ec": 0.0, "id": 433, "name": "Andrew Saxby"}, {"out_degree": 0, "bc": 0.0, "in_degree": 0, "ec": 0.0, "id": 434, "name": "Tomoko Kajiwara"}, {"out_degree": 17, "bc": 0.0001, "in_degree": 7, "ec": 0.0253, "id": 435, "name": "Romilda Vane"}, {"out_degree": 2, "bc": 0.0, "in_degree": 2, "ec": 0.0, "id": 436, "name": "Unidentified Gryffindor seeker"}, {"out_degree": 2, "bc": 0.0, "in_degree": 0, "ec": 0.0, "id": 437, "name": "Ethan Bexley"}, {"out_degree": 4, "bc": 0.0, "in_degree": 0, "ec": 0.0, "id": 438, "name": "Unidentified Ravenclaw boy (II)"}, {"out_degree": 0, "bc": 0.0, "in_degree": 0, "ec": 0.0, "id": 439, "name": "Sullivan Fawley"}, {"out_degree": 2, "bc": 0.0, "in_degree": 0, "ec": 0.0, "id": 440, "name": "Lorcan McLaird"}, {"out_degree": 0, "bc": 0.0, "in_degree": 0, "ec": 0.0, "id": 441, "name": "Erica J."}, {"out_degree": 4, "bc": 0.0026, "in_degree": 3, "ec": 0.0, "id": 442, "name": "Emma Vanity (Slytherin)"}, {"out_degree": 1, "bc": 0.0, "in_degree": 0, "ec": 0.0, "id": 443, "name": "Diane Carter"}, {"out_degree": 1, "bc": 0.0, "in_degree": 1, "ec": 0.0, "id": 444, "name": "Amber Noel"}, {"out_degree": 0, "bc": 0.0, "in_degree": 0, "ec": 0.0, "id": 445, "name": "Yvonne Bampton"}, {"out_degree": 1, "bc": 0.0, "in_degree": 1, "ec": 0.0, "id": 446, "name": "Eleanor Branstone"}, {"out_degree": 18, "bc": 0.0, "in_degree": 13, "ec": 0.055, "id": 447, "name": "Mundungus Fletcher"}, {"out_degree": 9, "bc": 0.0, "in_degree": 9, "ec": 0.0187, "id": 448, "name": "Blaise Zabini"}, {"out_degree": 2, "bc": 0.0, "in_degree": 0, "ec": 0.0, "id": 449, "name": "Emily (Hufflepuff)"}, {"out_degree": 1, "bc": 0.0, "in_degree": 1, "ec": 0.0, "id": 450, "name": "Miraphora Mina (Hogwarts student)"}, {"out_degree": 4, "bc": 0.0, "in_degree": 0, "ec": 0.0, "id": 451, "name": "Malcolm Baddock"}, {"out_degree": 0, "bc": 0.0, "in_degree": 0, "ec": 0.0, "id": 452, "name": "Sherwood Partington"}, {"out_degree": 3, "bc": 0.0, "in_degree": 2, "ec": 0.0002, "id": 453, "name": "Mary Macdonald"}, {"out_degree": 0, "bc": 0.0, "in_degree": 0, "ec": 0.0, "id": 454, "name": "Sebastian Daley"}, {"out_degree": 3, "bc": 0.0004, "in_degree": 1, "ec": 0.0, "id": 455, "name": "Bhavana Patel"}, {"out_degree": 1, "bc": 0.0, "in_degree": 0, "ec": 0.0, "id": 456, "name": "Unidentified Ravenclaw student asked to the Yule Ball by a Durmstrang student"}, {"out_degree": 0, "bc": 0.0, "in_degree": 0, "ec": 0.0, "id": 457, "name": "Remy Olivier"}, {"out_degree": 1, "bc": 0.0, "in_degree": 1, "ec": 0.0, "id": 458, "name": "Fergus Cowley"}, {"out_degree": 0, "bc": 0.0, "in_degree": 0, "ec": 0.0, "id": 459, "name": "Anita Macduff"}, {"out_degree": 3, "bc": 0.0, "in_degree": 2, "ec": 0.0, "id": 460, "name": "Ravenclaw Wizard's Chess champion"}, {"out_degree": 0, "bc": 0.0, "in_degree": 0, "ec": 0.0, "id": 461, "name": "Gabriel Lithgow"}, {"out_degree": 16, "bc": 0.0007, "in_degree": 22, "ec": 0.0619, "id": 462, "name": "Michael Corner"}, {"out_degree": 8, "bc": 0.0, "in_degree": 4, "ec": 0.0066, "id": 463, "name": "Charis Black"}, {"out_degree": 1, "bc": 0.0, "in_degree": 1, "ec": 0.0, "id": 464, "name": "Rahul Tandel"}, {"out_degree": 1, "bc": 0.0, "in_degree": 0, "ec": 0.0, "id": 465, "name": "Anna Mirfield"}, {"out_degree": 0, "bc": 0.0, "in_degree": 0, "ec": 0.0, "id": 466, "name": "Charlie Stainforth"}, {"out_degree": 0, "bc": 0.0, "in_degree": 0, "ec": 0.0, "id": 467, "name": "Stephen Challock"}, {"out_degree": 0, "bc": 0.0, "in_degree": 0, "ec": 0.0, "id": 468, "name": "Toad Toazer"}, {"out_degree": 12, "bc": 0.0003, "in_degree": 8, "ec": 0.0292, "id": 469, "name": "House of Gaunt"}, {"out_degree": 1, "bc": 0.0, "in_degree": 0, "ec": 0.0, "id": 470, "name": "Gillian Ossett"}, {"out_degree": 21, "bc": 0.0009, "in_degree": 22, "ec": 0.0532, "id": 471, "name": "Regulus Black"}, {"out_degree": 6, "bc": 0.0001, "in_degree": 11, "ec": 0.0115, "id": 472, "name": "Tulip Karasu"}, {"out_degree": 0, "bc": 0.0, "in_degree": 0, "ec": 0.0, "id": 473, "name": "Martin Beccles"}, {"out_degree": 0, "bc": 0.0, "in_degree": 0, "ec": 0.0, "id": 474, "name": "Duncan Knottingley"}, {"out_degree": 0, "bc": 0.0, "in_degree": 0, "ec": 0.0, "id": 475, "name": "Shruti Dev"}, {"out_degree": 1, "bc": 0.0, "in_degree": 0, "ec": 0.0, "id": 476, "name": "Hugo Mattingley"}, {"out_degree": 2, "bc": 0.0052, "in_degree": 2, "ec": 0.0, "id": 477, "name": "David Makehay"}, {"out_degree": 0, "bc": 0.0, "in_degree": 0, "ec": 0.0, "id": 478, "name": "Rachael Codnor"}, {"out_degree": 8, "bc": 0.0, "in_degree": 1, "ec": 0.0016, "id": 479, "name": "Eloise Midgen"}, {"out_degree": 0, "bc": 0.0, "in_degree": 0, "ec": 0.0, "id": 480, "name": "Paul Males"}, {"out_degree": 1, "bc": 0.0, "in_degree": 0, "ec": 0.0, "id": 481, "name": "Tamsin Applebee"}, {"out_degree": 0, "bc": 0.0, "in_degree": 0, "ec": 0.0, "id": 482, "name": "Tatsuya Motoyama"}, {"out_degree": 0, "bc": 0.0, "in_degree": 0, "ec": 0.0, "id": 483, "name": "Helen Monroe"}, {"out_degree": 4, "bc": 0.0, "in_degree": 2, "ec": 0.0036, "id": 484, "name": "Hestia Carrow"}, {"out_degree": 1, "bc": 0.0, "in_degree": 1, "ec": 0.0, "id": 485, "name": "Simon Dedworth (I)"}, {"out_degree": 0, "bc": 0.0, "in_degree": 0, "ec": 0.0, "id": 486, "name": "Mathilda Greenford"}, {"out_degree": 0, "bc": 0.0, "in_degree": 0, "ec": 0.0, "id": 487, "name": "Brandon Angel"}, {"out_degree": 1, "bc": 0.0, "in_degree": 0, "ec": 0.0, "id": 488, "name": "Curtis Evercreech"}, {"out_degree": 1, "bc": 0.0, "in_degree": 1, "ec": 0.0, "id": 489, "name": "Chauncy"}, {"out_degree": 1, "bc": 0.0, "in_degree": 1, "ec": 0.0, "id": 490, "name": "Timothy Butler"}, {"out_degree": 0, "bc": 0.0, "in_degree": 0, "ec": 0.0, "id": 491, "name": "Joe McGee"}, {"out_degree": 4, "bc": 0.0, "in_degree": 1, "ec": 0.004, "id": 492, "name": "Hogwarts Express conductor"}, {"out_degree": 7, "bc": 0.0, "in_degree": 8, "ec": 0.0158, "id": 493, "name": "Lucretia Black"}, {"out_degree": 8, "bc": 0.0017, "in_degree": 5, "ec": 0.0031, "id": 494, "name": "Megan Jones"}, {"out_degree": 53, "bc": 0.0047, "in_degree": 75, "ec": 0.1648, "id": 495, "name": "Dolores Umbridge"}, {"out_degree": 41, "bc": 0.0032, "in_degree": 46, "ec": 0.1127, "id": 496, "name": "William Weasley"}, {"out_degree": 11, "bc": 0.0007, "in_degree": 3, "ec": 0.0015, "id": 497, "name": "Unidentified Hufflepuff girl (I)"}, {"out_degree": 8, "bc": 0.0, "in_degree": 3, "ec": 0.0, "id": 498, "name": "Hufflepuff Duelling Club Captain"}, {"out_degree": 0, "bc": 0.0, "in_degree": 0, "ec": 0.0, "id": 499, "name": "Cole Spencer"}, {"out_degree": 1, "bc": 0.0, "in_degree": 0, "ec": 0.0, "id": 500, "name": "Hecate Oakham"}, {"out_degree": 5, "bc": 0.0, "in_degree": 3, "ec": 0.0104, "id": 501, "name": "Craig Bowker Jr"}, {"out_degree": 3, "bc": 0.0, "in_degree": 0, "ec": 0.0, "id": 502, "name": "Pamela Alton"}, {"out_degree": 34, "bc": 0.0023, "in_degree": 30, "ec": 0.0911, "id": 503, "name": "Charles Weasley"}, {"out_degree": 0, "bc": 0.0, "in_degree": 0, "ec": 0.0, "id": 504, "name": "Joshua Sturton"}, {"out_degree": 24, "bc": 0.002, "in_degree": 17, "ec": 0.0204, "id": 505, "name": "Nicholas de Mimsy-Porpington"}, {"out_degree": 1, "bc": 0.0, "in_degree": 0, "ec": 0.0, "id": 506, "name": "Unidentified Gryffindor boy (II)"}, {"out_degree": 2, "bc": 0.0, "in_degree": 1, "ec": 0.0, "id": 507, "name": "Hogwarts student that blames Harry Potter"}, {"out_degree": 0, "bc": 0.0, "in_degree": 0, "ec": 0.0, "id": 508, "name": "Alistair Thaxted"}, {"out_degree": 47, "bc": 0.0026, "in_degree": 83, "ec": 0.1795, "id": 509, "name": "Sirius Black"}, {"out_degree": 0, "bc": 0.0, "in_degree": 5, "ec": 0.0085, "id": 510, "name": "Peter"}, {"out_degree": 3, "bc": 0.0, "in_degree": 5, "ec": 0.004, "id": 511, "name": "Jack Sloper"}, {"out_degree": 11, "bc": 0.0, "in_degree": 3, "ec": 0.0, "id": 512, "name": "Angus Matlock"}, {"out_degree": 2, "bc": 0.0007, "in_degree": 4, "ec": 0.0, "id": 513, "name": "Mathilda Grimblehawk"}, {"out_degree": 3, "bc": 0.0, "in_degree": 3, "ec": 0.0, "id": 514, "name": "Uric Oapley"}, {"out_degree": 29, "bc": 0.0003, "in_degree": 36, "ec": 0.1191, "id": 515, "name": "Peter Pettigrew"}, {"out_degree": 0, "bc": 0.0, "in_degree": 0, "ec": 0.0, "id": 516, "name": "Andrew Owly"}, {"out_degree": 0, "bc": 0.0, "in_degree": 0, "ec": 0.0, "id": 517, "name": "Genevieve Ramsey"}, {"out_degree": 3, "bc": 0.0, "in_degree": 2, "ec": 0.0001, "id": 518, "name": "Peter Jones"}, {"out_degree": 0, "bc": 0.0, "in_degree": 0, "ec": 0.0, "id": 519, "name": "Orla Quirke"}, {"out_degree": 10, "bc": 0.0, "in_degree": 1, "ec": 0.0, "id": 520, "name": "Unidentified Gryffindor girl (V)"}, {"out_degree": 0, "bc": 0.0, "in_degree": 0, "ec": 0.0, "id": 521, "name": "Riley Frazer"}, {"out_degree": 3, "bc": 0.0103, "in_degree": 3, "ec": 0.0, "id": 522, "name": "Andrew Snowy Owl (Slytherin)"}, {"out_degree": 1, "bc": 0.0, "in_degree": 1, "ec": 0.0, "id": 523, "name": "Unidentified Gryffindor chaser (I)"}, {"out_degree": 2, "bc": 0.0004, "in_degree": 1, "ec": 0.0, "id": 524, "name": "McClaggan"}, {"out_degree": 1, "bc": 0.0, "in_degree": 1, "ec": 0.0, "id": 525, "name": "Ivan Renshaw (II)"}, {"out_degree": 3, "bc": 0.0, "in_degree": 0, "ec": 0.0, "id": 526, "name": "Xander Lofthouse"}, {"out_degree": 1, "bc": 0.0, "in_degree": 1, "ec": 0.0, "id": 527, "name": "Irfan Mustaq"}, {"out_degree": 16, "bc": 0.0041, "in_degree": 15, "ec": 0.0198, "id": 528, "name": "Marcus Flint"}, {"out_degree": 9, "bc": 0.0001, "in_degree": 11, "ec": 0.0216, "id": 529, "name": "Alphard Black"}, {"out_degree": 4, "bc": 0.0, "in_degree": 0, "ec": 0.0, "id": 530, "name": "Billingsley"}, {"out_degree": 3, "bc": 0.0, "in_degree": 0, "ec": 0.0, "id": 531, "name": "Albert Bellchant"}, {"out_degree": 0, "bc": 0.0, "in_degree": 0, "ec": 0.0, "id": 532, "name": "Dora Williams"}, {"out_degree": 2, "bc": 0.0, "in_degree": 0, "ec": 0.0, "id": 533, "name": "Mary I"}, {"out_degree": 2, "bc": 0.0, "in_degree": 0, "ec": 0.0, "id": 534, "name": "Roderick Seaton"}, {"out_degree": 0, "bc": 0.0, "in_degree": 0, "ec": 0.0, "id": 535, "name": "Aamir Loonat"}, {"out_degree": 2, "bc": 0.0, "in_degree": 1, "ec": 0.0, "id": 536, "name": "Terrence Fogarty"}, {"out_degree": 1, "bc": 0.0, "in_degree": 1, "ec": 0.0, "id": 537, "name": "Gordon Pummell (I)"}, {"out_degree": 0, "bc": 0.0, "in_degree": 0, "ec": 0.0, "id": 538, "name": "Thelma Holmes"}, {"out_degree": 5, "bc": 0.0121, "in_degree": 3, "ec": 0.0001, "id": 539, "name": "R. J. H. King"}, {"out_degree": 73, "bc": 0.0109, "in_degree": 117, "ec": 0.2065, "id": 540, "name": "Hermione Granger"}, {"out_degree": 3, "bc": 0.0, "in_degree": 0, "ec": 0.0, "id": 541, "name": "Harold Dingle"}, {"out_degree": 18, "bc": 0.0007, "in_degree": 11, "ec": 0.0277, "id": 542, "name": "Draco Malfoy's gang"}, {"out_degree": 0, "bc": 0.0, "in_degree": 0, "ec": 0.0, "id": 543, "name": "Patrick Fincher"}, {"out_degree": 0, "bc": 0.0, "in_degree": 0, "ec": 0.0, "id": 544, "name": "Becky Arncliffe"}, {"out_degree": 2, "bc": 0.0, "in_degree": 0, "ec": 0.0, "id": 545, "name": "Patrick Bagby"}, {"out_degree": 0, "bc": 0.0, "in_degree": 0, "ec": 0.0, "id": 546, "name": "Sourav Kartik"}, {"out_degree": 1, "bc": 0.0, "in_degree": 1, "ec": 0.0, "id": 547, "name": "Neil Randall"}, {"out_degree": 0, "bc": 0.0, "in_degree": 0, "ec": 0.0, "id": 548, "name": "Jennifer Dawn"}, {"out_degree": 0, "bc": 0.0, "in_degree": 0, "ec": 0.0, "id": 549, "name": "Melanie Stanmore"}, {"out_degree": 2, "bc": 0.0, "in_degree": 1, "ec": 0.0, "id": 550, "name": "Unidentified Gryffindor man (II)"}, {"out_degree": 0, "bc": 0.0, "in_degree": 0, "ec": 0.0, "id": 551, "name": "Sean Ogbourne"}, {"out_degree": 1, "bc": 0.0, "in_degree": 1, "ec": 0.0, "id": 552, "name": "Unidentified Gryffindor chaser (II)"}, {"out_degree": 0, "bc": 0.0, "in_degree": 0, "ec": 0.0, "id": 553, "name": "Allison Barnes"}, {"out_degree": 27, "bc": 0.0001, "in_degree": 21, "ec": 0.0695, "id": 554, "name": "Rose Granger-Weasley"}, {"out_degree": 0, "bc": 0.0, "in_degree": 0, "ec": 0.0, "id": 555, "name": "Hortense Rowland"}, {"out_degree": 0, "bc": 0.0, "in_degree": 0, "ec": 0.0, "id": 556, "name": "Rose Wax"}, {"out_degree": 2, "bc": 0.0002, "in_degree": 2, "ec": 0.0, "id": 557, "name": "Betty Bickering"}, {"out_degree": 1, "bc": 0.0, "in_degree": 0, "ec": 0.0, "id": 558, "name": "Basil Fronsac"}, {"out_degree": 0, "bc": 0.0, "in_degree": 0, "ec": 0.0, "id": 559, "name": "Norman Stacey"}, {"out_degree": 0, "bc": 0.0, "in_degree": 0, "ec": 0.0, "id": 560, "name": "Gladys Prescott"}, {"out_degree": 2, "bc": 0.0, "in_degree": 1, "ec": 0.0, "id": 561, "name": "Curious Gryffindor Girl"}, {"out_degree": 0, "bc": 0.0, "in_degree": 0, "ec": 0.0, "id": 562, "name": "Shelagh O'Dowd"}, {"out_degree": 17, "bc": 0.0002, "in_degree": 14, "ec": 0.0381, "id": 563, "name": "Cedrella Black"}, {"out_degree": 1, "bc": 0.0, "in_degree": 0, "ec": 0.0, "id": 564, "name": "Derek (Wizard Card Collectors' Club)"}, {"out_degree": 0, "bc": 0.0, "in_degree": 0, "ec": 0.0, "id": 565, "name": "Veronica Heap"}, {"out_degree": 0, "bc": 0.0, "in_degree": 0, "ec": 0.0, "id": 566, "name": "Unidentified Ravenclaw black girl during the Battle of Hogwarts"}, {"out_degree": 3, "bc": 0.0, "in_degree": 0, "ec": 0.0, "id": 567, "name": "Latisha Randle"}, {"out_degree": 57, "bc": 0.008, "in_degree": 95, "ec": 0.1853, "id": 568, "name": "Draco Malfoy"}, {"out_degree": 0, "bc": 0.0, "in_degree": 0, "ec": 0.0, "id": 569, "name": "Stephen Gould"}, {"out_degree": 1, "bc": 0.0, "in_degree": 0, "ec": 0.0, "id": 570, "name": "Euan Abercrombie"}, {"out_degree": 0, "bc": 0.0, "in_degree": 0, "ec": 0.0, "id": 571, "name": "Sean Miller"}, {"out_degree": 1, "bc": 0.0, "in_degree": 0, "ec": 0.0, "id": 572, "name": "Eddie Carmichael"}, {"out_degree": 2, "bc": 0.0005, "in_degree": 4, "ec": 0.002, "id": 573, "name": "Bridget Wenlock"}, {"out_degree": 0, "bc": 0.0, "in_degree": 0, "ec": 0.0, "id": 574, "name": "Craig Dunn"}, {"out_degree": 0, "bc": 0.0, "in_degree": 0, "ec": 0.0, "id": 575, "name": "Neil Nuts"}, {"out_degree": 0, "bc": 0.0, "in_degree": 0, "ec": 0.0, "id": 576, "name": "Naoki Tsuchiya"}, {"out_degree": 0, "bc": 0.0, "in_degree": 0, "ec": 0.0, "id": 577, "name": "Roderick Murphy"}, {"out_degree": 1, "bc": 0.0, "in_degree": 1, "ec": 0.0, "id": 578, "name": "Ashish Patel"}, {"out_degree": 3, "bc": 0.0, "in_degree": 3, "ec": 0.0, "id": 579, "name": "Podric Piles"}, {"out_degree": 2, "bc": 0.0084, "in_degree": 2, "ec": 0.0, "id": 580, "name": "Neil Lament"}, {"out_degree": 1, "bc": 0.0, "in_degree": 1, "ec": 0.0001, "id": 581, "name": "Unidentified Slytherin Beater (II)"}, {"out_degree": 3, "bc": 0.0004, "in_degree": 2, "ec": 0.0, "id": 582, "name": "Grogan Stump"}, {"out_degree": 7, "bc": 0.0, "in_degree": 5, "ec": 0.004, "id": 583, "name": "Andrew Kirke"}, {"out_degree": 3, "bc": 0.0005, "in_degree": 2, "ec": 0.0, "id": 584, "name": "Stuart Craggy"}, {"out_degree": 41, "bc": 0.0012, "in_degree": 32, "ec": 0.0801, "id": 585, "name": "Dean Thomas"}, {"out_degree": 3, "bc": 0.0, "in_degree": 0, "ec": 0.0, "id": 586, "name": "Michael McManus"}, {"out_degree": 0, "bc": 0.0, "in_degree": 0, "ec": 0.0, "id": 587, "name": "Rachel"}, {"out_degree": 0, "bc": 0.0, "in_degree": 0, "ec": 0.0, "id": 588, "name": "Isabella Tintwistle"}, {"out_degree": 1, "bc": 0.0, "in_degree": 0, "ec": 0.0, "id": 589, "name": "Unidentified Hufflepuff Seeker"}, {"out_degree": 6, "bc": 0.0, "in_degree": 0, "ec": 0.0, "id": 590, "name": "Unidentified Hufflepuff girl (III)"}, {"out_degree": 4, "bc": 0.0003, "in_degree": 3, "ec": 0.0066, "id": 591, "name": "Terence Higgs"}, {"out_degree": 2, "bc": 0.0, "in_degree": 1, "ec": 0.0, "id": 592, "name": "Thomas Paley"}, {"out_degree": 1, "bc": 0.0, "in_degree": 0, "ec": 0.0, "id": 593, "name": "Girl who tested Fainting Fancies"}, {"out_degree": 0, "bc": 0.0, "in_degree": 0, "ec": 0.0, "id": 594, "name": "Linda Chaddesley"}, {"out_degree": 1, "bc": 0.0, "in_degree": 0, "ec": 0.0, "id": 595, "name": "Michael Karume"}, {"out_degree": 1, "bc": 0.0, "in_degree": 0, "ec": 0.0, "id": 596, "name": "S. Capper"}, {"out_degree": 25, "bc": 0.0015, "in_degree": 25, "ec": 0.0754, "id": 597, "name": "Sybill Trelawney"}, {"out_degree": 2, "bc": 0.0008, "in_degree": 6, "ec": 0.002, "id": 598, "name": "Gabriel Truman"}, {"out_degree": 0, "bc": 0.0, "in_degree": 0, "ec": 0.0, "id": 599, "name": "Ronald Phipps"}, {"out_degree": 24, "bc": 0.0047, "in_degree": 66, "ec": 0.1157, "id": 600, "name": "Cedric Diggory"}, {"out_degree": 2, "bc": 0.0026, "in_degree": 2, "ec": 0.0, "id": 601, "name": "Russell Lucky"}, {"out_degree": 7, "bc": 0.0, "in_degree": 0, "ec": 0.0, "id": 602, "name": "Unidentified Gryffindor girl (VII)"}, {"out_degree": 3, "bc": 0.0, "in_degree": 0, "ec": 0.0, "id": 603, "name": "Felicity Eastchurch"}, {"out_degree": 0, "bc": 0.0, "in_degree": 0, "ec": 0.0, "id": 604, "name": "Hirohisa Kubo"}, {"out_degree": 0, "bc": 0.0, "in_degree": 0, "ec": 0.0, "id": 605, "name": "Reiko Sibazaki"}, {"out_degree": 0, "bc": 0.0, "in_degree": 0, "ec": 0.0, "id": 606, "name": "Mildred Peebles"}, {"out_degree": 0, "bc": 0.0, "in_degree": 0, "ec": 0.0, "id": 607, "name": "Randolph Burrow"}, {"out_degree": 1, "bc": 0.0, "in_degree": 0, "ec": 0.0, "id": 608, "name": "Maria Glossop"}, {"out_degree": 1, "bc": 0.0, "in_degree": 0, "ec": 0.0, "id": 609, "name": "Unidentified Gryffindor boy that greets Sir Nicholas (I)"}, {"out_degree": 0, "bc": 0.0, "in_degree": 0, "ec": 0.0, "id": 610, "name": "Paul Mawdesley"}, {"out_degree": 16, "bc": 0.0004, "in_degree": 9, "ec": 0.0258, "id": 611, "name": "Helena Ravenclaw"}, {"out_degree": 22, "bc": 0.0003, "in_degree": 25, "ec": 0.076, "id": 612, "name": "Edward Lupin"}, {"out_degree": 2, "bc": 0.0, "in_degree": 1, "ec": 0.0, "id": 613, "name": "Hufflepuff boy that blames Harry Potter (II)"}, {"out_degree": 0, "bc": 0.0, "in_degree": 0, "ec": 0.0, "id": 614, "name": "Miranda Flockton"}, {"out_degree": 9, "bc": 0.0, "in_degree": 4, "ec": 0.0028, "id": 615, "name": "Cassiopeia Black"}, {"out_degree": 0, "bc": 0.0, "in_degree": 0, "ec": 0.0, "id": 616, "name": "Amina Qureshi"}, {"out_degree": 0, "bc": 0.0, "in_degree": 0, "ec": 0.0, "id": 617, "name": "Doris Irlam"}, {"out_degree": 2, "bc": 0.0028, "in_degree": 2, "ec": 0.0002, "id": 618, "name": "Sophia Prickett"}, {"out_degree": 6, "bc": 0.0, "in_degree": 1, "ec": 0.0004, "id": 619, "name": "Unidentified Gryffindor lady"}, {"out_degree": 0, "bc": 0.0, "in_degree": 0, "ec": 0.0, "id": 620, "name": "Byron Miller"}, {"out_degree": 2, "bc": 0.0, "in_degree": 1, "ec": 0.0, "id": 621, "name": "Jason Huntingdon"}, {"out_degree": 2, "bc": 0.0, "in_degree": 0, "ec": 0.0, "id": 622, "name": "Iain Claverdon"}, {"out_degree": 2, "bc": 0.0, "in_degree": 0, "ec": 0.0, "id": 623, "name": "Lynette Sawley"}, {"out_degree": 6, "bc": 0.0, "in_degree": 1, "ec": 0.0, "id": 624, "name": "Andre Egwu"}, {"out_degree": 7, "bc": 0.0001, "in_degree": 8, "ec": 0.0028, "id": 625, "name": "Ismelda Murk"}, {"out_degree": 6, "bc": 0.0004, "in_degree": 2, "ec": 0.0, "id": 626, "name": "Fawcett"}, {"out_degree": 3, "bc": 0.0, "in_degree": 0, "ec": 0.0, "id": 627, "name": "Slytherin Wizard Duelling Champion"}, {"out_degree": 0, "bc": 0.0, "in_degree": 0, "ec": 0.0, "id": 628, "name": "Asma Rahman"}, {"out_degree": 0, "bc": 0.0, "in_degree": 0, "ec": 0.0, "id": 629, "name": "Unidentified Dumbledore's Army male Ravenclaw member 1997-1998 (II)"}, {"out_degree": 42, "bc": 0.0024, "in_degree": 42, "ec": 0.1227, "id": 630, "name": "Nymphadora Tonks"}, {"out_degree": 41, "bc": 0.0028, "in_degree": 31, "ec": 0.0723, "id": 631, "name": "Cho Chang"}, {"out_degree": 18, "bc": 0.0001, "in_degree": 20, "ec": 0.0497, "id": 632, "name": "Anthony Goldstein"}, {"out_degree": 0, "bc": 0.0, "in_degree": 0, "ec": 0.0, "id": 633, "name": "Marcus Fenwick"}, {"out_degree": 0, "bc": 0.0, "in_degree": 0, "ec": 0.0, "id": 634, "name": "Phylis Whitehead"}, {"out_degree": 0, "bc": 0.0, "in_degree": 0, "ec": 0.0, "id": 635, "name": "Bastien Queensbury"}, {"out_degree": 9, "bc": 0.0001, "in_degree": 12, "ec": 0.0435, "id": 636, "name": "Head of Slytherin House"}, {"out_degree": 12, "bc": 0.0, "in_degree": 14, "ec": 0.0274, "id": 637, "name": "Orion Black"}, {"out_degree": 3, "bc": 0.0, "in_degree": 0, "ec": 0.0, "id": 638, "name": "Marcus Hitchin"}, {"out_degree": 2, "bc": 0.0, "in_degree": 1, "ec": 0.0035, "id": 639, "name": "Barnabas Cuffe"}, {"out_degree": 0, "bc": 0.0, "in_degree": 0, "ec": 0.0, "id": 640, "name": "Selina Moore"}, {"out_degree": 0, "bc": 0.0, "in_degree": 0, "ec": 0.0, "id": 641, "name": "Stuart McKinley"}, {"out_degree": 2, "bc": 0.0, "in_degree": 2, "ec": 0.0, "id": 642, "name": "Kevin Bletchley"}, {"out_degree": 0, "bc": 0.0, "in_degree": 0, "ec": 0.0, "id": 643, "name": "Amy Frome"}, {"out_degree": 1, "bc": 0.0, "in_degree": 1, "ec": 0.0005, "id": 644, "name": "Urquhart"}, {"out_degree": 1, "bc": 0.0, "in_degree": 1, "ec": 0.0, "id": 645, "name": "Irving Cram (I)"}, {"out_degree": 2, "bc": 0.0002, "in_degree": 1, "ec": 0.0, "id": 646, "name": "Astrix Alixan"}, {"out_degree": 0, "bc": 0.0, "in_degree": 0, "ec": 0.0, "id": 647, "name": "Spencer Whiddon"}, {"out_degree": 22, "bc": 0.0002, "in_degree": 31, "ec": 0.0674, "id": 648, "name": "Lavender Brown"}, {"out_degree": 2, "bc": 0.0, "in_degree": 0, "ec": 0.0, "id": 649, "name": "Geoffrey Hooper"}, {"out_degree": 0, "bc": 0.0, "in_degree": 0, "ec": 0.0, "id": 650, "name": "Diego Caplan"}, {"out_degree": 0, "bc": 0.0, "in_degree": 0, "ec": 0.0, "id": 651, "name": "Tabitha Bainbridge"}, {"out_degree": 1, "bc": 0.0, "in_degree": 0, "ec": 0.0, "id": 652, "name": "Unidentified Slytherin Keeper"}, {"out_degree": 1, "bc": 0.0, "in_degree": 1, "ec": 0.0, "id": 653, "name": "Felix Brunt (I)"}, {"out_degree": 2, "bc": 0.0, "in_degree": 0, "ec": 0.0, "id": 654, "name": "Cadwallader"}, {"out_degree": 2, "bc": 0.0007, "in_degree": 2, "ec": 0.0, "id": 655, "name": "Philip"}, {"out_degree": 0, "bc": 0.0, "in_degree": 0, "ec": 0.0, "id": 656, "name": "Austin Guthrie"}, {"out_degree": 0, "bc": 0.0, "in_degree": 0, "ec": 0.0, "id": 657, "name": "Robin McTighe"}, {"out_degree": 0, "bc": 0.0, "in_degree": 0, "ec": 0.0, "id": 658, "name": "Damon Gosforth"}, {"out_degree": 0, "bc": 0.0, "in_degree": 0, "ec": 0.0, "id": 659, "name": "Josephine Kay"}, {"out_degree": 1, "bc": 0.0, "in_degree": 0, "ec": 0.0, "id": 660, "name": "Perpetua Fancourt"}, {"out_degree": 33, "bc": 0.0019, "in_degree": 41, "ec": 0.1202, "id": 661, "name": "Percy Weasley"}, {"out_degree": 57, "bc": 0.0021, "in_degree": 43, "ec": 0.1058, "id": 662, "name": "George Weasley"}, {"out_degree": 0, "bc": 0.0, "in_degree": 0, "ec": 0.0, "id": 663, "name": "Natsumi Suzuki"}, {"out_degree": 1, "bc": 0.0, "in_degree": 0, "ec": 0.0, "id": 664, "name": "Adam Pickering"}, {"out_degree": 1, "bc": 0.0, "in_degree": 0, "ec": 0.0, "id": 665, "name": "Agnes Monkleigh"}, {"out_degree": 26, "bc": 0.0017, "in_degree": 42, "ec": 0.0939, "id": 666, "name": "Gilderoy Lockhart"}, {"out_degree": 1, "bc": 0.0, "in_degree": 1, "ec": 0.0, "id": 667, "name": "Ruth Mina"}, {"out_degree": 0, "bc": 0.0, "in_degree": 0, "ec": 0.0, "id": 668, "name": "Arjuna Balaji"}, {"out_degree": 1, "bc": 0.0, "in_degree": 1, "ec": 0.0, "id": 669, "name": "Rhonda Fladbury"}, {"out_degree": 0, "bc": 0.0, "in_degree": 0, "ec": 0.0, "id": 670, "name": "Sarah Kempston"}, {"out_degree": 2, "bc": 0.0, "in_degree": 0, "ec": 0.0, "id": 671, "name": "Silas Crump"}, {"out_degree": 0, "bc": 0.0, "in_degree": 0, "ec": 0.0, "id": 672, "name": "Bhupen Shastri"}, {"out_degree": 8, "bc": 0.0, "in_degree": 1, "ec": 0.0035, "id": 673, "name": "Marcus Belby"}, {"out_degree": 19, "bc": 0.0029, "in_degree": 16, "ec": 0.037, "id": 674, "name": "Padma Patil"}, {"out_degree": 1, "bc": 0.0, "in_degree": 0, "ec": 0.0, "id": 675, "name": "Bradley"}, {"out_degree": 1, "bc": 0.0, "in_degree": 0, "ec": 0.0, "id": 676, "name": "Nanette Desford"}, {"out_degree": 0, "bc": 0.0, "in_degree": 0, "ec": 0.0, "id": 677, "name": "Roberta Lutterworth"}, {"out_degree": 10, "bc": 0.0006, "in_degree": 18, "ec": 0.0412, "id": 678, "name": "Rowena Ravenclaw"}, {"out_degree": 3, "bc": 0.0, "in_degree": 0, "ec": 0.0, "id": 679, "name": "Unidentified Gryffindor girl (IX)"}, {"out_degree": 3, "bc": 0.0, "in_degree": 0, "ec": 0.0, "id": 680, "name": "Cedric Diggory's friends"}, {"out_degree": 0, "bc": 0.0, "in_degree": 0, "ec": 0.0, "id": 681, "name": "Arman Shettigar"}, {"out_degree": 0, "bc": 0.0, "in_degree": 0, "ec": 0.0, "id": 682, "name": "Madeline Ormskirk"}, {"out_degree": 0, "bc": 0.0, "in_degree": 0, "ec": 0.0, "id": 683, "name": "Summers"}, {"out_degree": 5, "bc": 0.0, "in_degree": 3, "ec": 0.0008, "id": 684, "name": "Merula Snyde's gang"}, {"out_degree": 88, "bc": 0.0522, "in_degree": 268, "ec": 0.2411, "id": 685, "name": "Harry Potter"}, {"out_degree": 1, "bc": 0.0, "in_degree": 1, "ec": 0.0, "id": 686, "name": "Laurent Varcy"}, {"out_degree": 18, "bc": 0.0028, "in_degree": 33, "ec": 0.0594, "id": 687, "name": "Vincent Crabbe"}, {"out_degree": 0, "bc": 0.0, "in_degree": 0, "ec": 0.0, "id": 688, "name": "Vikram Thakur"}, {"out_degree": 4, "bc": 0.0004, "in_degree": 1, "ec": 0.0, "id": 689, "name": "James Tuckett (II)"}, {"out_degree": 8, "bc": 0.0004, "in_degree": 1, "ec": 0.0, "id": 690, "name": "Dungeon Corridor Slytherin prefect (I)"}, {"out_degree": 3, "bc": 0.0, "in_degree": 2, "ec": 0.0, "id": 691, "name": "Banga O'Deluga"}, {"out_degree": 54, "bc": 0.008, "in_degree": 136, "ec": 0.2268, "id": 692, "name": "Tom Riddle"}, {"out_degree": 55, "bc": 0.0025, "in_degree": 45, "ec": 0.1144, "id": 693, "name": "Fred Weasley"}, {"out_degree": 0, "bc": 0.0, "in_degree": 0, "ec": 0.0, "id": 694, "name": "Yurika Haneda"}, {"out_degree": 0, "bc": 0.0, "in_degree": 0, "ec": 0.0, "id": 695, "name": "Andrew Cleveley"}, {"out_degree": 4, "bc": 0.0016, "in_degree": 3, "ec": 0.0005, "id": 696, "name": "Helen Dawlish"}, {"out_degree": 19, "bc": 0.0015, "in_degree": 22, "ec": 0.0558, "id": 697, "name": "Phineas Nigellus Black"}, {"out_degree": 2, "bc": 0.0, "in_degree": 0, "ec": 0.0, "id": 698, "name": "Timothy Morcott"}, {"out_degree": 34, "bc": 0.0011, "in_degree": 53, "ec": 0.1385, "id": 699, "name": "Bellatrix Lestrange"}, {"out_degree": 0, "bc": 0.0, "in_degree": 0, "ec": 0.0, "id": 700, "name": "Selina Sapworthy"}, {"out_degree": 7, "bc": 0.0001, "in_degree": 9, "ec": 0.0201, "id": 701, "name": "Helga Hufflepuff"}, {"out_degree": 0, "bc": 0.0, "in_degree": 0, "ec": 0.0, "id": 702, "name": "Geoffrey Stradbroke"}, {"out_degree": 0, "bc": 0.0, "in_degree": 0, "ec": 0.0, "id": 703, "name": "Ruth Winikus"}, {"out_degree": 0, "bc": 0.0, "in_degree": 0, "ec": 0.0, "id": 704, "name": "Gertrude Meads"}, {"out_degree": 1, "bc": 0.0, "in_degree": 0, "ec": 0.0, "id": 705, "name": "Elizabeth Burke"}, {"out_degree": 2, "bc": 0.0, "in_degree": 2, "ec": 0.0, "id": 706, "name": "Marilyn"}, {"out_degree": 47, "bc": 0.0033, "in_degree": 80, "ec": 0.1724, "id": 707, "name": "Neville Longbottom"}, {"out_degree": 0, "bc": 0.0, "in_degree": 0, "ec": 0.0, "id": 708, "name": "Abigail Pugh"}, {"out_degree": 2, "bc": 0.0, "in_degree": 0, "ec": 0.0, "id": 709, "name": "Uric the Oddball"}, {"out_degree": 30, "bc": 0.0054, "in_degree": 70, "ec": 0.1256, "id": 710, "name": "Horace Slughorn"}, {"out_degree": 30, "bc": 0.0037, "in_degree": 31, "ec": 0.0688, "id": 711, "name": "Pomona Sprout"}, {"out_degree": 1, "bc": 0.0, "in_degree": 0, "ec": 0.0, "id": 712, "name": "Shawn Morris"}, {"out_degree": 9, "bc": 0.0001, "in_degree": 10, "ec": 0.0099, "id": 713, "name": "Ben Copper"}, {"out_degree": 1, "bc": 0.0, "in_degree": 3, "ec": 0.0, "id": 714, "name": "Mathilda Grimblehawk's partner"}, {"out_degree": 1, "bc": 0.0, "in_degree": 0, "ec": 0.0, "id": 715, "name": "Unidentified Gryffindor Keeper"}, {"out_degree": 0, "bc": 0.0, "in_degree": 0, "ec": 0.0, "id": 716, "name": "Noreen Kirkby"}, {"out_degree": 0, "bc": 0.0, "in_degree": 0, "ec": 0.0, "id": 717, "name": "Brendon Halkirk"}, {"out_degree": 0, "bc": 0.0, "in_degree": 0, "ec": 0.0, "id": 718, "name": "Mizuho Yoshii"}, {"out_degree": 2, "bc": 0.0004, "in_degree": 2, "ec": 0.0, "id": 719, "name": "Maynard Hatton"}, {"out_degree": 19, "bc": 0.0004, "in_degree": 29, "ec": 0.0751, "id": 720, "name": "Scorpius Malfoy"}, {"out_degree": 2, "bc": 0.0, "in_degree": 1, "ec": 0.0015, "id": 721, "name": "D. L. Boot"}, {"out_degree": 0, "bc": 0.0, "in_degree": 0, "ec": 0.0, "id": 722, "name": "Peter James"}, {"out_degree": 2, "bc": 0.0033, "in_degree": 2, "ec": 0.0, "id": 723, "name": "Dan Darker"}, {"out_degree": 0, "bc": 0.0, "in_degree": 0, "ec": 0.0, "id": 724, "name": "Roy"}, {"out_degree": 0, "bc": 0.0, "in_degree": 0, "ec": 0.0, "id": 725, "name": "Tristram Bassenthwaite"}, {"out_degree": 1, "bc": 0.0, "in_degree": 0, "ec": 0.0, "id": 726, "name": "Jason Swann"}, {"out_degree": 3, "bc": 0.0, "in_degree": 0, "ec": 0.0, "id": 727, "name": "Hufflepuff Wizard Duelling Champion"}, {"out_degree": 2, "bc": 0.0012, "in_degree": 2, "ec": 0.0, "id": 728, "name": "Concepta Battista"}, {"out_degree": 0, "bc": 0.0, "in_degree": 0, "ec": 0.0, "id": 729, "name": "Grant Page"}, {"out_degree": 0, "bc": 0.0, "in_degree": 0, "ec": 0.0, "id": 730, "name": "Luisa"}, {"out_degree": 35, "bc": 0.0013, "in_degree": 45, "ec": 0.1254, "id": 731, "name": "Lucius Malfoy"}, {"out_degree": 0, "bc": 0.0, "in_degree": 0, "ec": 0.0, "id": 732, "name": "Trinity Lynn"}, {"out_degree": 8, "bc": 0.0011, "in_degree": 5, "ec": 0.0077, "id": 733, "name": "Cadogan"}, {"out_degree": 4, "bc": 0.0, "in_degree": 3, "ec": 0.0088, "id": 734, "name": "Corvinus Gaunt"}, {"out_degree": 1, "bc": 0.0, "in_degree": 1, "ec": 0.0, "id": 735, "name": "Marcus Turner"}, {"out_degree": 0, "bc": 0.0, "in_degree": 0, "ec": 0.0, "id": 736, "name": "Heather Thatcham"}, {"out_degree": 16, "bc": 0.0, "in_degree": 6, "ec": 0.0031, "id": 737, "name": "Nigel Wolpert"}, {"out_degree": 4, "bc": 0.0, "in_degree": 5, "ec": 0.0132, "id": 738, "name": "Head of Ravenclaw House"}, {"out_degree": 1, "bc": 0.0, "in_degree": 0, "ec": 0.0, "id": 739, "name": "Bunty"}, {"out_degree": 2, "bc": 0.0, "in_degree": 0, "ec": 0.0, "id": 740, "name": "Unidentified Choir Member (I)"}, {"out_degree": 3, "bc": 0.0001, "in_degree": 2, "ec": 0.0, "id": 741, "name": "Arthur (Hufflepuff student)"}, {"out_degree": 0, "bc": 0.0, "in_degree": 0, "ec": 0.0, "id": 742, "name": "Alex Wednesbury"}, {"out_degree": 0, "bc": 0.0, "in_degree": 0, "ec": 0.0, "id": 743, "name": "Richard Carter"}, {"out_degree": 0, "bc": 0.0, "in_degree": 0, "ec": 0.0, "id": 744, "name": "Christian Alexander"}, {"out_degree": 0, "bc": 0.0, "in_degree": 0, "ec": 0.0, "id": 745, "name": "Daryl Morden"}, {"out_degree": 2, "bc": 0.0, "in_degree": 1, "ec": 0.0, "id": 746, "name": "Unidentified Slytherin Beater"}, {"out_degree": 0, "bc": 0.0, "in_degree": 0, "ec": 0.0, "id": 747, "name": "Lucy Hurst"}, {"out_degree": 2, "bc": 0.0021, "in_degree": 2, "ec": 0.0001, "id": 748, "name": "Oona Ballington"}, {"out_degree": 7, "bc": 0.0, "in_degree": 0, "ec": 0.0, "id": 749, "name": "Unidentified Ravenclaw Girl during the Battle of Hogwarts"}, {"out_degree": 2, "bc": 0.0, "in_degree": 3, "ec": 0.0009, "id": 750, "name": "Felix Rosier"}, {"out_degree": 5, "bc": 0.001, "in_degree": 5, "ec": 0.0022, "id": 751, "name": "Peregrine Derrick"}, {"out_degree": 0, "bc": 0.0, "in_degree": 0, "ec": 0.0, "id": 752, "name": "Owen Anthony"}, {"out_degree": 0, "bc": 0.0, "in_degree": 0, "ec": 0.0, "id": 753, "name": "Alison Denshaw"}, {"out_degree": 47, "bc": 0.0008, "in_degree": 19, "ec": 0.0526, "id": 754, "name": "Lee Jordan"}, {"out_degree": 0, "bc": 0.0, "in_degree": 0, "ec": 0.0, "id": 755, "name": "Gregory Munslow"}, {"out_degree": 0, "bc": 0.0, "in_degree": 0, "ec": 0.0, "id": 756, "name": "Arnold Streeton"}, {"out_degree": 0, "bc": 0.0, "in_degree": 0, "ec": 0.0, "id": 757, "name": "Harvey O'Brien"}, {"out_degree": 0, "bc": 0.0, "in_degree": 0, "ec": 0.0, "id": 758, "name": "Jatin Agarkar"}, {"out_degree": 1, "bc": 0.0, "in_degree": 8, "ec": 0.0022, "id": 759, "name": "Tracey Davis"}, {"out_degree": 0, "bc": 0.0, "in_degree": 0, "ec": 0.0, "id": 760, "name": "Garrick Newbourne"}, {"out_degree": 0, "bc": 0.0, "in_degree": 0, "ec": 0.0, "id": 761, "name": "Emily Taylor"}, {"out_degree": 12, "bc": 0.0004, "in_degree": 10, "ec": 0.0198, "id": 762, "name": "Theodore Nott"}, {"out_degree": 0, "bc": 0.0, "in_degree": 0, "ec": 0.0, "id": 763, "name": "Manoj Pandit"}, {"out_degree": 1, "bc": 0.0, "in_degree": 0, "ec": 0.0, "id": 764, "name": "Unidentified Gryffindor fighter"}, {"out_degree": 1, "bc": 0.0, "in_degree": 0, "ec": 0.0, "id": 765, "name": "Elora Dunn"}, {"out_degree": 2, "bc": 0.0, "in_degree": 1, "ec": 0.0, "id": 766, "name": "Unidentified Slytherin knight"}, {"out_degree": 2, "bc": 0.0006, "in_degree": 4, "ec": 0.0052, "id": 767, "name": "Cedric"}, {"out_degree": 2, "bc": 0.0001, "in_degree": 2, "ec": 0.0, "id": 768, "name": "Jody Jacknife"}, {"out_degree": 0, "bc": 0.0, "in_degree": 0, "ec": 0.0, "id": 769, "name": "Kelly Harborne"}, {"out_degree": 0, "bc": 0.0, "in_degree": 0, "ec": 0.0, "id": 770, "name": "Unidentified Slytherin girl at the Battle of Hogwarts"}, {"out_degree": 1, "bc": 0.0, "in_degree": 1, "ec": 0.0, "id": 771, "name": "Emma Vanity (Gryffindor)"}, {"out_degree": 0, "bc": 0.0, "in_degree": 0, "ec": 0.0, "id": 772, "name": "Chris Garland"}, {"out_degree": 7, "bc": 0.0, "in_degree": 0, "ec": 0.0, "id": 773, "name": "Yann Fredericks"}, {"out_degree": 23, "bc": 0.0014, "in_degree": 7, "ec": 0.0097, "id": 774, "name": "Bloody Baron"}, {"out_degree": 0, "bc": 0.0, "in_degree": 0, "ec": 0.0, "id": 775, "name": "Mallory Norden"}, {"out_degree": 28, "bc": 0.0003, "in_degree": 16, "ec": 0.0591, "id": 776, "name": "Lily L. Potter"}, {"out_degree": 6, "bc": 0.0004, "in_degree": 2, "ec": 0.0, "id": 777, "name": "Boy who failed Avifors Spell's cousin"}, {"out_degree": 0, "bc": 0.0, "in_degree": 0, "ec": 0.0, "id": 778, "name": "Grant Sparkford"}, {"out_degree": 0, "bc": 0.0, "in_degree": 0, "ec": 0.0, "id": 779, "name": "Natalie Holkham"}, {"out_degree": 3, "bc": 0.0, "in_degree": 0, "ec": 0.0, "id": 780, "name": "Maisy Reynolds"}, {"out_degree": 4, "bc": 0.0008, "in_degree": 3, "ec": 0.0, "id": 781, "name": "Muldoon Cragg"}, {"out_degree": 0, "bc": 0.0, "in_degree": 1, "ec": 0.0, "id": 782, "name": "Stewart Ackerley"}, {"out_degree": 20, "bc": 0.0003, "in_degree": 28, "ec": 0.0739, "id": 783, "name": "Justin Finch-Fletchley"}, {"out_degree": 0, "bc": 0.0, "in_degree": 0, "ec": 0.0, "id": 784, "name": "Takashi Noda"}, {"out_degree": 7, "bc": 0.0004, "in_degree": 4, "ec": 0.0, "id": 785, "name": "Alannis"}, {"out_degree": 0, "bc": 0.0, "in_degree": 0, "ec": 0.0, "id": 786, "name": "Bowen Duffield"}, {"out_degree": 0, "bc": 0.0, "in_degree": 0, "ec": 0.0, "id": 787, "name": "Liza Cherks"}, {"out_degree": 0, "bc": 0.0, "in_degree": 0, "ec": 0.0, "id": 788, "name": "Owen Cauldwell"}, {"out_degree": 10, "bc": 0.0001, "in_degree": 4, "ec": 0.0077, "id": 789, "name": "Leta Lestrange"}, {"out_degree": 8, "bc": 0.0007, "in_degree": 2, "ec": 0.0, "id": 790, "name": "Miles Bletchley"}, {"out_degree": 0, "bc": 0.0, "in_degree": 0, "ec": 0.0, "id": 791, "name": "Manami Ichijoh"}, {"out_degree": 0, "bc": 0.0, "in_degree": 0, "ec": 0.0, "id": 792, "name": "Hogwarts potions champion"}, {"out_degree": 0, "bc": 0.0, "in_degree": 0, "ec": 0.0, "id": 793, "name": "Joan Kerridge"}, {"out_degree": 0, "bc": 0.0, "in_degree": 0, "ec": 0.0, "id": 794, "name": "Jomauh Agardh"}, {"out_degree": 0, "bc": 0.0, "in_degree": 0, "ec": 0.0, "id": 795, "name": "Irene Denholm"}, {"out_degree": 0, "bc": 0.0, "in_degree": 0, "ec": 0.0, "id": 796, "name": "Trev Mallory"}, {"out_degree": 1, "bc": 0.0, "in_degree": 1, "ec": 0.0, "id": 797, "name": "Laura Madley"}, {"out_degree": 0, "bc": 0.0, "in_degree": 0, "ec": 0.0, "id": 798, "name": "Nigel Wroxton"}, {"out_degree": 0, "bc": 0.0, "in_degree": 0, "ec": 0.0, "id": 799, "name": "Edward"}, {"out_degree": 0, "bc": 0.0, "in_degree": 0, "ec": 0.0, "id": 800, "name": "Matthew Kettletoft"}, {"out_degree": 1, "bc": 0.0, "in_degree": 0, "ec": 0.0, "id": 801, "name": "Male Muggle Studies teacher's student assistant"}, {"out_degree": 0, "bc": 0.0, "in_degree": 0, "ec": 0.0, "id": 802, "name": "Daphne Maldon"}, {"out_degree": 0, "bc": 0.0, "in_degree": 0, "ec": 0.0, "id": 803, "name": "Muriel Rothley"}, {"out_degree": 0, "bc": 0.0, "in_degree": 0, "ec": 0.0, "id": 804, "name": "Satoru Iida"}, {"out_degree": 11, "bc": 0.0047, "in_degree": 6, "ec": 0.0088, "id": 805, "name": "Angelica Cole"}, {"out_degree": 4, "bc": 0.0, "in_degree": 0, "ec": 0.0, "id": 806, "name": "Pansy Parkinson's Gang"}, {"out_degree": 0, "bc": 0.0, "in_degree": 0, "ec": 0.0, "id": 807, "name": "Justine Britnell"}, {"out_degree": 13, "bc": 0.0017, "in_degree": 9, "ec": 0.019, "id": 808, "name": "Graham Montague"}, {"out_degree": 3, "bc": 0.0045, "in_degree": 3, "ec": 0.0025, "id": 809, "name": "Angelina Appleby"}, {"out_degree": 3, "bc": 0.0, "in_degree": 1, "ec": 0.0, "id": 810, "name": "Unidentified Hufflepuff boy (II)"}, {"out_degree": 2, "bc": 0.0007, "in_degree": 1, "ec": 0.0, "id": 811, "name": "Holden Ledbury"}, {"out_degree": 2, "bc": 0.0, "in_degree": 0, "ec": 0.0, "id": 812, "name": "Unidentified Slytherin girl (II)"}, {"out_degree": 0, "bc": 0.0, "in_degree": 0, "ec": 0.0, "id": 813, "name": "Ona Parangyo"}, {"out_degree": 25, "bc": 0.0005, "in_degree": 41, "ec": 0.1205, "id": 814, "name": "Lily J. Potter"}, {"out_degree": 0, "bc": 0.0, "in_degree": 0, "ec": 0.0, "id": 815, "name": "Andrew"}, {"out_degree": 0, "bc": 0.0, "in_degree": 0, "ec": 0.0, "id": 816, "name": "Hilary Erskine"}, {"out_degree": 1, "bc": 0.0, "in_degree": 0, "ec": 0.0, "id": 817, "name": "Unidentified Gryffindor boy"}, {"out_degree": 0, "bc": 0.0, "in_degree": 0, "ec": 0.0, "id": 818, "name": "Brian Cinderford"}, {"out_degree": 0, "bc": 0.0, "in_degree": 0, "ec": 0.0, "id": 819, "name": "Zubeida Khan"}, {"out_degree": 5, "bc": 0.0001, "in_degree": 10, "ec": 0.0107, "id": 820, "name": "Daphne Greengrass"}, {"out_degree": 5, "bc": 0.0001, "in_degree": 1, "ec": 0.0001, "id": 821, "name": "Girl whose quill was taken by Cedric"}, {"out_degree": 0, "bc": 0.0, "in_degree": 0, "ec": 0.0, "id": 822, "name": "Scarlett Lympsham"}, {"out_degree": 2, "bc": 0.0, "in_degree": 1, "ec": 0.0, "id": 823, "name": "Scott Ancrum"}, {"out_degree": 1, "bc": 0.0, "in_degree": 1, "ec": 0.0, "id": 824, "name": "Boy who failed Avifors Spell"}, {"out_degree": 15, "bc": 0.0002, "in_degree": 16, "ec": 0.0277, "id": 825, "name": "Walburga Black"}, {"out_degree": 1, "bc": 0.0, "in_degree": 0, "ec": 0.0, "id": 826, "name": "Dugald McPhail"}, {"out_degree": 1, "bc": 0.0, "in_degree": 0, "ec": 0.0, "id": 827, "name": "B. C."}, {"out_degree": 3, "bc": 0.0, "in_degree": 1, "ec": 0.0, "id": 828, "name": "Stebbins (Potter-era)"}, {"out_degree": 0, "bc": 0.0, "in_degree": 0, "ec": 0.0, "id": 829, "name": "Melvin Catterick"}, {"out_degree": 1, "bc": 0.0, "in_degree": 0, "ec": 0.0, "id": 830, "name": "Heidi Macavoy"}, {"out_degree": 2, "bc": 0.0013, "in_degree": 3, "ec": 0.0033, "id": 831, "name": "Wayne Hopkins"}, {"out_degree": 0, "bc": 0.0, "in_degree": 0, "ec": 0.0, "id": 832, "name": "Haruka Endoh"}, {"out_degree": 0, "bc": 0.0, "in_degree": 0, "ec": 0.0, "id": 833, "name": "Eustace Fawley"}, {"out_degree": 2, "bc": 0.0, "in_degree": 1, "ec": 0.0, "id": 834, "name": "Hufflepuff boy that blames Harry Potter (I)"}, {"out_degree": 5, "bc": 0.0, "in_degree": 0, "ec": 0.0, "id": 835, "name": "Boy who kept a bezoar in his pocket"}, {"out_degree": 0, "bc": 0.0, "in_degree": 0, "ec": 0.0, "id": 836, "name": "Yuvraj Suri"}, {"out_degree": 1, "bc": 0.0, "in_degree": 0, "ec": 0.0, "id": 837, "name": "Stewart"}, {"out_degree": 0, "bc": 0.0, "in_degree": 0, "ec": 0.0, "id": 838, "name": "Robin Botesdale"}, {"out_degree": 0, "bc": 0.0, "in_degree": 0, "ec": 0.0, "id": 839, "name": "Michael Robinson"}, {"out_degree": 0, "bc": 0.0, "in_degree": 0, "ec": 0.0, "id": 840, "name": "Kaori Shimizu"}, {"out_degree": 0, "bc": 0.0, "in_degree": 1, "ec": 0.0005, "id": 841, "name": "Graham Pritchard"}, {"out_degree": 1, "bc": 0.0, "in_degree": 1, "ec": 0.0, "id": 842, "name": "Felix Brunt (II)"}, {"out_degree": 0, "bc": 0.0, "in_degree": 0, "ec": 0.0, "id": 843, "name": "Biko Kisawahi"}, {"out_degree": 1, "bc": 0.0, "in_degree": 1, "ec": 0.0, "id": 844, "name": "Alexis Marie"}, {"out_degree": 13, "bc": 0.0013, "in_degree": 3, "ec": 0.0009, "id": 845, "name": "Jimmy Peakes"}, {"out_degree": 12, "bc": 0.0, "in_degree": 3, "ec": 0.0028, "id": 846, "name": "Fat Friar"}, {"out_degree": 0, "bc": 0.0, "in_degree": 0, "ec": 0.0, "id": 847, "name": "Sakura Akagi"}, {"out_degree": 8, "bc": 0.0, "in_degree": 3, "ec": 0.004, "id": 848, "name": "Liz Tuttle"}, {"out_degree": 4, "bc": 0.0, "in_degree": 2, "ec": 0.0074, "id": 849, "name": "Summerby"}, {"out_degree": 38, "bc": 0.0018, "in_degree": 45, "ec": 0.1402, "id": 850, "name": "Molly Weasley"}, {"out_degree": 1, "bc": 0.0, "in_degree": 0, "ec": 0.0, "id": 851, "name": "Chambers"}]